000bf04c-e0c6-4873-9a36-494182205045	09e0c29b-e595-4d2b-ad94-bf730de50302	264	17-18赛季 常规赛
004dcff5-29f5-4a12-a3c0-d66b27b8bfbf	bb0a3e7e-8836-488f-87e9-80f5d044ce16	4014	17-18赛季 常规赛
00804765-1ce3-42b8-a31f-eb86682a2373	affda843-0e17-4851-aaec-dc4cea129b2e	4504	17-18赛季 常规赛
00900d02-ae83-4b33-840d-85086ba9e327	d3628e5f-8172-44ce-997b-7ce4efad17b1	4556	17-18赛季 常规赛
01016f5d-052f-4634-b72b-ed957735f7db	09e0c29b-e595-4d2b-ad94-bf730de50302	4564	17-18赛季 常规赛
012ec9af-fe23-43ce-a2df-f049c1ba12a5	c8c3ecde-68f8-41f6-b234-4354f72d3afc	4487	17-18赛季 常规赛
013f9157-e93e-46e9-bda7-4b5b38cfcfbc	affda843-0e17-4851-aaec-dc4cea129b2e	4514	17-18赛季 常规赛
02478f64-8a2f-47b8-8a30-16f3e19042bb	a2b6d70d-f5f9-4d51-8361-766c38198dfb	1244	17-18赛季 常规赛
02988786-0655-450a-9287-2e7b8431a5d4	affda843-0e17-4851-aaec-dc4cea129b2e	2469	17-18赛季 常规赛
02a61074-2c25-47be-be66-fed741056122	bb0a3e7e-8836-488f-87e9-80f5d044ce16	4496	17-18赛季 常规赛
02f0f19a-5c6e-4fb7-b0ea-9a5146be5307	09e0c29b-e595-4d2b-ad94-bf730de50302	4338	17-18赛季 常规赛
036aa42c-560b-4f33-802a-1cd928f61b9f	c2fcb6c9-63f5-454d-87c9-9977dc2fcee7	4201	17-18赛季 常规赛
03aa54d8-b0de-4f0a-8275-78b6d35d9555	3ef59518-8d58-4fa6-a5cc-16eef086609e	4296	17-18赛季 常规赛
03bc40ac-18cb-44ec-b5e5-1f9f8b5a4eb7	c8c3ecde-68f8-41f6-b234-4354f72d3afc	4151	17-18赛季 常规赛
04056820-15da-4be5-838c-6b7deec9c29a	ddd83928-3176-4f53-9675-1fa2f7bc7057	4306	17-18赛季 常规赛
043c1daf-c530-4943-baa0-bfea03aa1bee	400f5241-2d8c-4e12-8626-a2c6294e8cf2	1476	17-18赛季 常规赛
048e53b9-6411-48e6-b043-655634310ed6	85f42360-b442-44e1-af11-50aaf9dc6a6d	4416	17-18赛季 常规赛
04d7df15-4dee-49ef-9b61-bdf10f006f34	c8c3ecde-68f8-41f6-b234-4354f72d3afc	4242	17-18赛季 常规赛
04fc6ecc-ad72-4ccf-8da5-aa91c69d6a43	09e0c29b-e595-4d2b-ad94-bf730de50302	4338	17-18赛季 常规赛
0550102a-8c94-4046-b9ec-fc916d97b61d	85f42360-b442-44e1-af11-50aaf9dc6a6d	1215	17-18赛季 常规赛
055b03f1-ef0e-4707-8e78-a12b2cc80482	c8c3ecde-68f8-41f6-b234-4354f72d3afc	4410	17-18赛季 常规赛
057a8f39-7b81-4f34-a26b-cdff73e57847	838ca4d6-97bc-4da0-94e7-7b682a83a56c	4084	17-18赛季 常规赛
057ad4bc-e7e2-482c-bdbd-409bb81a329e	d51b9f06-cba9-47d0-8c58-7ee620e5c92b	4446	17-18赛季 常规赛
05a85a85-c901-4ba1-933f-2f8a64311e52	468ae0b5-3be6-4137-a095-21fb1eb61519	4108	17-18赛季 常规赛
06919c63-160d-499e-9f82-842ad318933f	a2b6d70d-f5f9-4d51-8361-766c38198dfb	2961	17-18赛季 常规赛
06aa3dac-ae90-4c60-8c1a-14b8d684eb0c	d0359680-2514-496e-9f33-67ba85b00fcf	1840	17-18赛季 常规赛
06ab7ef1-0d8f-4813-9a15-03a64ec22722	affda843-0e17-4851-aaec-dc4cea129b2e	1245	17-18赛季 常规赛
06b40971-a6a3-446a-bc23-0a9ed4b4a110	5242f11f-456e-4dba-89a5-6de617236cf6	4329	17-18赛季 常规赛
06de4518-a920-4a87-bd63-ceac8b46d458	5242f11f-456e-4dba-89a5-6de617236cf6	4572	17-18赛季 常规赛
07394938-6f40-4b7f-ac77-fc8b2d0fd383	4d7c7173-30bf-4329-859e-bed49a89d003	4313	17-18赛季 常规赛
0772f3e2-ac3d-4af6-955f-319595faaa76	215e4b49-aecd-4508-afa9-05a77cccbeb3	105	17-18赛季 常规赛
07bc317f-96fb-43a4-aa88-1bec908c442c	1aa7b357-2447-44bd-9f0e-b27a2eecdf1d	4604	17-18赛季 常规赛
07e31fab-0fe6-4853-ba13-66f563bf30cf	c8c3ecde-68f8-41f6-b234-4354f72d3afc	4559	17-18赛季 常规赛
0850dd38-5c38-42e6-b250-80022e54606b	85f42360-b442-44e1-af11-50aaf9dc6a6d	4452	17-18赛季 常规赛
086f2ae4-ace2-4367-b02e-6c681d6886de	838ca4d6-97bc-4da0-94e7-7b682a83a56c	4581	17-18赛季 常规赛
0886a46c-ba2e-4c92-b31a-05dffd2f6978	d51b9f06-cba9-47d0-8c58-7ee620e5c92b	4538	17-18赛季 常规赛
0890767c-fe3b-4493-a7a6-96db0fd285fe	d0359680-2514-496e-9f33-67ba85b00fcf	4385	17-18赛季 常规赛
08b107eb-d0cb-40b7-a07b-5ac1c60d8cb1	85f42360-b442-44e1-af11-50aaf9dc6a6d	4579	17-18赛季 常规赛
08d1b974-e547-4296-8fad-624298619809	becf503a-f452-4d40-834a-4593803ce36c	4385	17-18赛季 常规赛
08f4f835-62ed-4f95-869b-5d6ed5e89929	468ae0b5-3be6-4137-a095-21fb1eb61519	4642	17-18赛季 常规赛
08ff4e8b-67a2-40c8-ac7f-694894ec126c	4d7c7173-30bf-4329-859e-bed49a89d003	4367	17-18赛季 常规赛
09992fc7-3f51-46f6-aa44-682bffc65bad	bb0a3e7e-8836-488f-87e9-80f5d044ce16	4535	17-18赛季 常规赛
09fc6b6f-2fc3-4d76-a9b4-192b3a87ac56	1aa7b357-2447-44bd-9f0e-b27a2eecdf1d	4604	17-18赛季 常规赛
0b370c45-18ab-483e-9bee-6231c3d97709	468ae0b5-3be6-4137-a095-21fb1eb61519	4607	17-18赛季 常规赛
0b7e04ca-f1ba-4c69-a825-55dfbe3f8ef2	838ca4d6-97bc-4da0-94e7-7b682a83a56c	4620	17-18赛季 常规赛
0b8ff598-0dd1-48c0-b6e7-caad6b0c0315	4d7c7173-30bf-4329-859e-bed49a89d003	4484	17-18赛季 常规赛
0b9802ee-ffa0-48c8-8123-f1c613aa640a	3ef59518-8d58-4fa6-a5cc-16eef086609e	4543	17-18赛季 常规赛
0bf775a8-0f43-45f9-b1d3-051b35329648	c2fcb6c9-63f5-454d-87c9-9977dc2fcee7	4326	17-18赛季 常规赛
0c12c23c-02ea-4b39-ad38-6666dc78f4a8	16df761f-26e9-425e-8470-af93547d206a	358	17-18赛季 常规赛
0c1f5a73-de98-4aa4-a9af-528d1ac22513	16df761f-26e9-425e-8470-af93547d206a	4626	17-18赛季 常规赛
0c225040-c212-4503-9dde-aadc892def4b	f51aea18-1681-4547-8d9f-62b026654108	4399	17-18赛季 常规赛
0d03108e-2d1d-4653-a968-a408756f2716	affda843-0e17-4851-aaec-dc4cea129b2e	4654	17-18赛季 常规赛
0d2d15b3-99e4-48b5-9574-fb2ebdf2f7b9	f51aea18-1681-4547-8d9f-62b026654108	4399	17-18赛季 常规赛
0d3427be-5f2b-412d-a204-f2eee8b02182	85f42360-b442-44e1-af11-50aaf9dc6a6d	4632	17-18赛季 常规赛
0d44f13b-70b4-450c-a232-82cc58ef9385	1cd7fa0e-9772-47f5-9569-ce66265c3534	4526	17-18赛季 常规赛
0d5b5372-0cee-4b53-bd1b-c3e0732e43fd	c8c3ecde-68f8-41f6-b234-4354f72d3afc	4242	17-18赛季 常规赛
0d9b9a74-e774-4b5d-91fc-ab54c66ab7d3	1aa7b357-2447-44bd-9f0e-b27a2eecdf1d	2135	17-18赛季 常规赛
0dea163e-965a-4ec9-8834-482c3dfce710	b509e1a0-1b9e-4bce-a7d2-ea403bdd5e6c	4445	17-18赛季 常规赛
0e638bc9-a9ef-438d-9665-4f1b98a3281f	ddd83928-3176-4f53-9675-1fa2f7bc7057	4305	17-18赛季 常规赛
0e9fee94-c138-4a59-b717-94233eac6e42	c4b7d7fd-b4f8-4fdb-b105-52f5c3089ce3	434	17-18赛季 常规赛
0eb4badb-23df-418e-ab2a-79637e19f718	1cd7fa0e-9772-47f5-9569-ce66265c3534	4544	17-18赛季 常规赛
0f0fe7d5-72f2-436f-b05b-fdf3a9cc3fb4	16df761f-26e9-425e-8470-af93547d206a	4324	17-18赛季 常规赛
0f49858f-97dd-4d03-91e2-6a3b11160abd	b519b71b-0fc6-4865-8538-5eb0849917da	4584	17-18赛季 常规赛
0f80a6be-c5ab-4c77-819d-be6435696e61	85f42360-b442-44e1-af11-50aaf9dc6a6d	4188	17-18赛季 常规赛
0f9795e8-03e8-45df-a0d9-9a3d2513a1c0	c4b7d7fd-b4f8-4fdb-b105-52f5c3089ce3	4634	17-18赛季 常规赛
0fa778f2-be08-4945-ba4c-ad14dfbf3259	16df761f-26e9-425e-8470-af93547d206a	4230	17-18赛季 常规赛
0fbeabed-5439-4b0d-80a9-be0bb73e37f2	400f5241-2d8c-4e12-8626-a2c6294e8cf2	2111	17-18赛季 常规赛
1010ca27-1f41-43a5-8c92-40613bf9858f	16df761f-26e9-425e-8470-af93547d206a	4324	17-18赛季 常规赛
10554fa5-a513-4ce2-b0f1-973c345524e0	d0359680-2514-496e-9f33-67ba85b00fcf	4455	17-18赛季 常规赛
106bb2a5-e1dc-45ac-bc09-b99b955ac720	c2fcb6c9-63f5-454d-87c9-9977dc2fcee7	4100	17-18赛季 常规赛
10bb9976-1a38-4465-b690-0a569fa7748a	d51b9f06-cba9-47d0-8c58-7ee620e5c92b	4446	17-18赛季 常规赛
10c31224-3d8e-40a3-a14e-9528780b546b	becf503a-f452-4d40-834a-4593803ce36c	4307	17-18赛季 常规赛
10d0fa20-6a96-47d9-b548-dc6929d00220	ddd83928-3176-4f53-9675-1fa2f7bc7057	171	17-18赛季 常规赛
10f55ddd-8c49-47c2-b83c-03255dbb20d4	400f5241-2d8c-4e12-8626-a2c6294e8cf2	2280	17-18赛季 常规赛
120a5123-20df-49f9-bdf6-7b74785737c6	a2b6d70d-f5f9-4d51-8361-766c38198dfb	763	17-18赛季 常规赛
1221e228-f0d6-4700-bbab-fa6dbf2f5502	ddd83928-3176-4f53-9675-1fa2f7bc7057	4600	17-18赛季 常规赛
127083cd-a5a4-4099-abbd-75ee5dea3ac6	bb0a3e7e-8836-488f-87e9-80f5d044ce16	4159	17-18赛季 常规赛
129a5082-5567-4885-bf80-836293b6dfc1	b519b71b-0fc6-4865-8538-5eb0849917da	4070	17-18赛季 常规赛
1319571e-a2a6-42e6-a7dd-b3ee957394c8	468ae0b5-3be6-4137-a095-21fb1eb61519	981	17-18赛季 常规赛
13625653-20b0-4686-8d71-b55db6d6013f	c8c3ecde-68f8-41f6-b234-4354f72d3afc	4488	17-18赛季 常规赛
13a8ddd9-783d-4cdc-9b78-f2e1e6176205	4d7c7173-30bf-4329-859e-bed49a89d003	331	17-18赛季 常规赛
13d3a15b-f5c9-42e8-a006-cba568c9d4bb	c8c3ecde-68f8-41f6-b234-4354f72d3afc	4488	17-18赛季 常规赛
13e46adb-df53-4fa9-a4c0-7f2deb52b4ff	16df761f-26e9-425e-8470-af93547d206a	4434	17-18赛季 常规赛
14bb43c9-4db3-4665-a4a2-ac290d7b56c3	becf503a-f452-4d40-834a-4593803ce36c	4310	17-18赛季 常规赛
14c9b935-7865-4a88-a3d5-b7852bc09a31	468ae0b5-3be6-4137-a095-21fb1eb61519	4108	17-18赛季 常规赛
15173923-4997-4298-b13c-3a323eac5b56	215e4b49-aecd-4508-afa9-05a77cccbeb3	4649	17-18赛季 常规赛
151a8fe0-a3f2-41f4-940e-f0c036c4e9e2	400f5241-2d8c-4e12-8626-a2c6294e8cf2	4595	17-18赛季 常规赛
15291a04-29cf-4841-adb9-8bd2205da5d9	400f5241-2d8c-4e12-8626-a2c6294e8cf2	4594	17-18赛季 常规赛
153afbad-db13-456e-b440-3a782f47e22b	d51b9f06-cba9-47d0-8c58-7ee620e5c92b	4601	17-18赛季 常规赛
154f2f15-11c6-4572-a8c5-547234209bb7	1cd7fa0e-9772-47f5-9569-ce66265c3534	614	17-18赛季 常规赛
15507b3e-cb87-49b5-bca2-506a8eee3c58	f51aea18-1681-4547-8d9f-62b026654108	1596	17-18赛季 常规赛
15aa0765-e9b9-49de-aee2-571ca871291b	4d7c7173-30bf-4329-859e-bed49a89d003	4313	17-18赛季 常规赛
15b0f9fb-1c84-47dd-913a-67c7187b7850	09e0c29b-e595-4d2b-ad94-bf730de50302	4189	17-18赛季 常规赛
16095d17-aece-4b25-8b33-de71d618a492	b509e1a0-1b9e-4bce-a7d2-ea403bdd5e6c	4520	17-18赛季 常规赛
16170144-4753-477e-815f-265db46d95fd	c2fcb6c9-63f5-454d-87c9-9977dc2fcee7	4375	17-18赛季 常规赛
1623158f-ad74-4d6d-aa8e-65cbdf70ee81	c4b7d7fd-b4f8-4fdb-b105-52f5c3089ce3	3606	17-18赛季 常规赛
16bd47d8-cbb5-43ef-8d57-909cd4d6e84a	3ef59518-8d58-4fa6-a5cc-16eef086609e	4575	17-18赛季 常规赛
16fbe963-fd06-475c-bc88-0ec9a4745348	16df761f-26e9-425e-8470-af93547d206a	4469	17-18赛季 常规赛
1714bba7-98c1-4abe-aa64-f6513bc5582a	89f160d8-f403-419e-b793-82915e4db48f	2064	17-18赛季 常规赛
173578ef-1ed3-4360-a0dc-1ae791256cf4	838ca4d6-97bc-4da0-94e7-7b682a83a56c	4414	17-18赛季 常规赛
1749f5a7-4556-4c20-b891-8d9c5571262b	468ae0b5-3be6-4137-a095-21fb1eb61519	4210	17-18赛季 常规赛
179971f6-c16c-43af-9d11-16fbe5b1f251	89f160d8-f403-419e-b793-82915e4db48f	4334	17-18赛季 常规赛
17a29538-7642-4fd3-b572-ca71b3091a50	ddd83928-3176-4f53-9675-1fa2f7bc7057	4479	17-18赛季 常规赛
17afa6d3-07a5-497c-805f-215c10914db3	b509e1a0-1b9e-4bce-a7d2-ea403bdd5e6c	779	17-18赛季 常规赛
1848f0a3-5b77-4a01-930d-d705c0bbb3f3	d0359680-2514-496e-9f33-67ba85b00fcf	2287	17-18赛季 常规赛
18989baf-8325-413e-b312-8a7601ed4670	affda843-0e17-4851-aaec-dc4cea129b2e	4286	17-18赛季 常规赛
18c238bb-fa2b-4106-9b35-0ebc9df8d60d	89f160d8-f403-419e-b793-82915e4db48f	4503	17-18赛季 常规赛
18e083e2-199b-461a-9309-d4b3d237dfb3	c4b7d7fd-b4f8-4fdb-b105-52f5c3089ce3	3606	17-18赛季 常规赛
197df55d-2f5d-42e3-bdf6-88cf4d58a502	a2b6d70d-f5f9-4d51-8361-766c38198dfb	763	17-18赛季 常规赛
197ffb25-e784-45de-a0bd-44aed947f641	bb0a3e7e-8836-488f-87e9-80f5d044ce16	3826	17-18赛季 常规赛
19832d2e-c92a-427b-b2db-dd4b714114c1	f51aea18-1681-4547-8d9f-62b026654108	1387	17-18赛季 常规赛
198a4663-7e51-4f45-8f51-59a8daf9ef4e	468ae0b5-3be6-4137-a095-21fb1eb61519	4647	17-18赛季 常规赛
19ecd36b-5566-435a-b5d5-e7495d8c67f0	c2fcb6c9-63f5-454d-87c9-9977dc2fcee7	2317	17-18赛季 常规赛
1a55dc36-0200-4575-84c9-72551f5685ab	468ae0b5-3be6-4137-a095-21fb1eb61519	4546	17-18赛季 常规赛
1a982e77-ee58-4971-9f4a-c417e5625629	4d7c7173-30bf-4329-859e-bed49a89d003	4310	17-18赛季 常规赛
1b065cfc-9dec-4184-ac69-8883c87e540a	215e4b49-aecd-4508-afa9-05a77cccbeb3	4392	17-18赛季 常规赛
1b2d2d73-7d2e-418f-a6c8-00c617676361	becf503a-f452-4d40-834a-4593803ce36c	4596	17-18赛季 常规赛
1b516c61-ccef-42ac-9435-52ec16155378	5242f11f-456e-4dba-89a5-6de617236cf6	4401	17-18赛季 常规赛
1b8144e7-095c-4cb0-8c93-88036cd4b5fa	85f42360-b442-44e1-af11-50aaf9dc6a6d	4072	17-18赛季 常规赛
1c3fc978-d61e-45ff-84a4-0b6a54f1a30c	c8c3ecde-68f8-41f6-b234-4354f72d3afc	4383	17-18赛季 常规赛
1cbb37d9-b0c1-490e-9379-581ec1aa4f96	468ae0b5-3be6-4137-a095-21fb1eb61519	4599	17-18赛季 常规赛
1d0be613-444a-4cac-9a11-ceadd735a863	400f5241-2d8c-4e12-8626-a2c6294e8cf2	4640	17-18赛季 常规赛
1d2b664f-e2b0-4fa4-a7b6-4bacc4ed41b7	838ca4d6-97bc-4da0-94e7-7b682a83a56c	4594	17-18赛季 常规赛
1d579e83-5666-4fb6-8ede-11bc0650448c	a2b6d70d-f5f9-4d51-8361-766c38198dfb	4067	17-18赛季 常规赛
1d9fe33b-80d6-4e94-8aea-12dc88c8118c	215e4b49-aecd-4508-afa9-05a77cccbeb3	105	17-18赛季 常规赛
1e5f44c4-bede-463c-971f-b21b3ab0a31d	bb0a3e7e-8836-488f-87e9-80f5d044ce16	449	17-18赛季 常规赛
1e9300e8-9026-49c7-ade5-c42fffeecfc6	1cd7fa0e-9772-47f5-9569-ce66265c3534	1356	17-18赛季 常规赛
1e94221f-1ac3-4973-b2a0-e98ba0b80670	affda843-0e17-4851-aaec-dc4cea129b2e	1245	17-18赛季 常规赛
1ea2b951-eec6-4ad1-bd8d-cd6486f36ef6	c4b7d7fd-b4f8-4fdb-b105-52f5c3089ce3	2155	17-18赛季 常规赛
1f03f27a-d7ac-45e9-8312-7df96bf6c1f3	ddd83928-3176-4f53-9675-1fa2f7bc7057	171	17-18赛季 常规赛
1f1fe34c-c722-4655-a1c6-adb4fdfd5d4c	838ca4d6-97bc-4da0-94e7-7b682a83a56c	4502	17-18赛季 常规赛
1f2b10e5-3640-4ed4-8f15-c2d905c434dd	468ae0b5-3be6-4137-a095-21fb1eb61519	1697	17-18赛季 常规赛
1f2f872c-483e-490b-91e4-fef215abb416	838ca4d6-97bc-4da0-94e7-7b682a83a56c	4547	17-18赛季 常规赛
1f3347ce-bae0-474e-8df6-5c98f371b27f	f51aea18-1681-4547-8d9f-62b026654108	4602	17-18赛季 常规赛
1f4f30cf-cafe-4b2a-a01a-e85fc818b425	16df761f-26e9-425e-8470-af93547d206a	4180	17-18赛季 常规赛
1f923f90-b02d-4788-a173-d0dda0be3a6f	468ae0b5-3be6-4137-a095-21fb1eb61519	4643	17-18赛季 常规赛
1fb2e519-19dc-486a-9250-42330cdd0aa7	468ae0b5-3be6-4137-a095-21fb1eb61519	4476	17-18赛季 常规赛
205bbd0c-6f96-4957-908e-b00fe533309d	d0359680-2514-496e-9f33-67ba85b00fcf	4191	17-18赛季 常规赛
208f9bef-f7e3-4d4c-9018-99ec0dda8f51	4d7c7173-30bf-4329-859e-bed49a89d003	4387	17-18赛季 常规赛
216bb65e-9df9-49ba-a7ec-fefe71ea35e8	ddd83928-3176-4f53-9675-1fa2f7bc7057	4479	17-18赛季 常规赛
217de50f-10b5-44c2-8974-9233887a5d1e	affda843-0e17-4851-aaec-dc4cea129b2e	4431	17-18赛季 常规赛
2181b565-2927-4ee2-b773-8bd8f94f918d	89f160d8-f403-419e-b793-82915e4db48f	2341	17-18赛季 常规赛
219eeacd-0d14-4d74-b85e-d4c197ae13a9	d51b9f06-cba9-47d0-8c58-7ee620e5c92b	4517	17-18赛季 常规赛
21c59767-cafe-43a2-b943-3f9319d44593	1cd7fa0e-9772-47f5-9569-ce66265c3534	4644	17-18赛季 常规赛
222f0531-d1ff-4acb-a670-eb7d4c7af310	89f160d8-f403-419e-b793-82915e4db48f	1702	17-18赛季 常规赛
2254928e-c4c5-4648-a8b2-33dfe8fdcdd7	215e4b49-aecd-4508-afa9-05a77cccbeb3	3637	17-18赛季 常规赛
225bf7fe-7fcc-4313-8a36-afdbd1c41709	d3628e5f-8172-44ce-997b-7ce4efad17b1	1501	17-18赛季 常规赛
22b035f1-ee44-46ab-9483-9b6401dfde0f	d51b9f06-cba9-47d0-8c58-7ee620e5c92b	1021	17-18赛季 常规赛
2377a948-2769-4d56-96d3-f7f09c6cf723	ddd83928-3176-4f53-9675-1fa2f7bc7057	4589	17-18赛季 常规赛
23f4a94c-b7f9-44d0-85f9-43a756dddc32	d0359680-2514-496e-9f33-67ba85b00fcf	4491	17-18赛季 常规赛
240fd69c-69e9-41cd-a883-cd01b9dc7242	85f42360-b442-44e1-af11-50aaf9dc6a6d	4399	17-18赛季 常规赛
241de95f-d6f1-4df4-9629-0569876fef9d	d51b9f06-cba9-47d0-8c58-7ee620e5c92b	4347	17-18赛季 常规赛
242769e9-762f-4a3d-9c79-a3e240f45e9d	c8c3ecde-68f8-41f6-b234-4354f72d3afc	4521	17-18赛季 常规赛
2481eb1e-121d-485b-9c0c-4786a78df3e1	b519b71b-0fc6-4865-8538-5eb0849917da	4585	17-18赛季 常规赛
2483d7fb-7d2d-46c7-8d73-233e4292162b	468ae0b5-3be6-4137-a095-21fb1eb61519	4571	17-18赛季 常规赛
251ed53d-b8a2-47ee-b01a-e3cb5dc8eafa	468ae0b5-3be6-4137-a095-21fb1eb61519	4229	17-18赛季 常规赛
255cb069-978e-4577-98c5-8b90823b99c8	d51b9f06-cba9-47d0-8c58-7ee620e5c92b	3896	17-18赛季 常规赛
25c4b211-ebbd-4c34-88ac-a729c7314a4b	d0359680-2514-496e-9f33-67ba85b00fcf	4122	17-18赛季 常规赛
25d707dc-abb2-4502-afbb-867eda8c7423	838ca4d6-97bc-4da0-94e7-7b682a83a56c	4301	17-18赛季 常规赛
2682dbe1-0fdd-4d6c-89a5-923f8bac7bf6	89f160d8-f403-419e-b793-82915e4db48f	1702	17-18赛季 常规赛
26e84aee-18af-4866-af68-e10495951caa	f51aea18-1681-4547-8d9f-62b026654108	4358	17-18赛季 常规赛
27088f11-683c-426a-a198-ac9b60c63e6c	ddd83928-3176-4f53-9675-1fa2f7bc7057	4379	17-18赛季 常规赛
2754345d-1175-4f80-ba99-35f0461deb4c	c8c3ecde-68f8-41f6-b234-4354f72d3afc	4486	17-18赛季 常规赛
27908881-4586-48ec-8a02-10750c511d88	5242f11f-456e-4dba-89a5-6de617236cf6	4500	17-18赛季 常规赛
2872a4d8-2dcc-4de1-b5b6-cf0fdc055b33	affda843-0e17-4851-aaec-dc4cea129b2e	4221	17-18赛季 常规赛
28b9dec4-cf6c-45c2-abaf-81b1150acdd2	c2fcb6c9-63f5-454d-87c9-9977dc2fcee7	688	17-18赛季 常规赛
29010a29-72bf-45b3-9522-078733f8acb5	f51aea18-1681-4547-8d9f-62b026654108	4598	17-18赛季 常规赛
290aa8f8-b5e4-4fe6-ac09-e630318843cc	16df761f-26e9-425e-8470-af93547d206a	4641	17-18赛季 常规赛
294b47fa-c740-4e2a-ae11-275745785d89	b509e1a0-1b9e-4bce-a7d2-ea403bdd5e6c	2426	17-18赛季 常规赛
29747558-0b1b-435c-a97f-be54df4e1a50	3ef59518-8d58-4fa6-a5cc-16eef086609e	2261	17-18赛季 常规赛
29791707-a781-4d88-8176-681388c3dd17	1cd7fa0e-9772-47f5-9569-ce66265c3534	4096	17-18赛季 常规赛
299baf53-7696-4c20-b720-4dfc7d852f3c	affda843-0e17-4851-aaec-dc4cea129b2e	4588	17-18赛季 常规赛
29bcbb4b-13e5-4ab5-a2d5-62ca53c22cdf	d51b9f06-cba9-47d0-8c58-7ee620e5c92b	1797	17-18赛季 常规赛
2a09e2d4-ab5d-4543-b8b3-afd2491c7aa1	ddd83928-3176-4f53-9675-1fa2f7bc7057	1175	17-18赛季 常规赛
2a3f57f7-b073-43e2-bdd7-3d81d8ecf82f	a2b6d70d-f5f9-4d51-8361-766c38198dfb	1933	17-18赛季 常规赛
2a4f65a1-02d2-4ba8-a11e-cf3292624432	5242f11f-456e-4dba-89a5-6de617236cf6	4458	17-18赛季 常规赛
2a4fc5ea-16ce-48e1-98f6-016b98c6cd82	468ae0b5-3be6-4137-a095-21fb1eb61519	4115	17-18赛季 常规赛
2a946d0c-94e2-4bd7-bd07-8f9291293330	b509e1a0-1b9e-4bce-a7d2-ea403bdd5e6c	4040	17-18赛季 常规赛
2aa90f65-31e8-4db9-a211-c980a8da31ed	5242f11f-456e-4dba-89a5-6de617236cf6	4401	17-18赛季 常规赛
2ab883d4-e9be-49da-8a77-2d19f89638c6	215e4b49-aecd-4508-afa9-05a77cccbeb3	4191	17-18赛季 常规赛
2b24146c-51cd-4662-b6e2-5ab916297874	1cd7fa0e-9772-47f5-9569-ce66265c3534	4519	17-18赛季 常规赛
2ba7ea6c-b636-4ed3-ae2d-4aee9d6c2bea	becf503a-f452-4d40-834a-4593803ce36c	4065	17-18赛季 常规赛
2bac4a3e-dbe0-4147-a0ec-8aa6726cd289	d51b9f06-cba9-47d0-8c58-7ee620e5c92b	4368	17-18赛季 常规赛
2c079754-8319-436a-816b-5b752fe85edb	85f42360-b442-44e1-af11-50aaf9dc6a6d	1596	17-18赛季 常规赛
2c500257-3368-4825-95cd-7500721b0c9a	5242f11f-456e-4dba-89a5-6de617236cf6	4495	17-18赛季 常规赛
2c70721b-6c44-4e2d-8cb7-22080299cf85	16df761f-26e9-425e-8470-af93547d206a	4583	17-18赛季 常规赛
2c74960f-3d0a-4968-b4be-5a25abd9e3f7	09e0c29b-e595-4d2b-ad94-bf730de50302	4435	17-18赛季 常规赛
2c9fe1eb-fcaa-4ad2-9030-ea004f7526b3	d0359680-2514-496e-9f33-67ba85b00fcf	4358	17-18赛季 常规赛
2cbc7a08-c0be-419f-8b54-161c8af20ed9	1aa7b357-2447-44bd-9f0e-b27a2eecdf1d	1316	17-18赛季 常规赛
2cddd854-475f-4261-904d-9de3df43b90a	d3628e5f-8172-44ce-997b-7ce4efad17b1	4354	17-18赛季 常规赛
2da7a2e8-4153-491f-8c2b-061899f997d2	85f42360-b442-44e1-af11-50aaf9dc6a6d	2631	17-18赛季 常规赛
2daa61c5-e3ae-4a83-b553-de1b8f9849ed	400f5241-2d8c-4e12-8626-a2c6294e8cf2	4076	17-18赛季 常规赛
2db08ad0-bad5-406e-b2f1-e92518b8b79d	b509e1a0-1b9e-4bce-a7d2-ea403bdd5e6c	526	17-18赛季 常规赛
2db0b728-58cf-4db7-a9f8-e19b7ced5c45	d51b9f06-cba9-47d0-8c58-7ee620e5c92b	524	17-18赛季 常规赛
2db4455c-c58e-45a1-8066-38390996fdbe	215e4b49-aecd-4508-afa9-05a77cccbeb3	4192	17-18赛季 常规赛
2de66ecc-493f-4482-9520-e0547d666fc7	838ca4d6-97bc-4da0-94e7-7b682a83a56c	4239	17-18赛季 常规赛
2dea340f-8adf-450a-8276-ee80ac124356	85f42360-b442-44e1-af11-50aaf9dc6a6d	2129	17-18赛季 常规赛
2dec09f4-c553-4e26-9e73-c63cdada0070	1cd7fa0e-9772-47f5-9569-ce66265c3534	4644	17-18赛季 常规赛
2deed53b-fa26-4714-98fe-3fc409b0d3f7	3ef59518-8d58-4fa6-a5cc-16eef086609e	4542	17-18赛季 常规赛
2df48314-fbaa-4d83-9106-ffd2a064c2c5	d0359680-2514-496e-9f33-67ba85b00fcf	4198	17-18赛季 常规赛
2e2d7658-cd57-4fbf-bbbe-17956a997576	85f42360-b442-44e1-af11-50aaf9dc6a6d	291	17-18赛季 常规赛
2e2dc22e-6ca6-4f20-aa78-31d4ae0f172d	215e4b49-aecd-4508-afa9-05a77cccbeb3	4191	17-18赛季 常规赛
2e594090-d8f2-40df-98ee-8d81d7483fe6	b509e1a0-1b9e-4bce-a7d2-ea403bdd5e6c	707	17-18赛季 常规赛
2ecde7ac-bebe-479a-b534-d5b5de8338fd	f51aea18-1681-4547-8d9f-62b026654108	1215	17-18赛季 常规赛
2ed9f115-face-4017-90ac-3fd0f490daec	1cd7fa0e-9772-47f5-9569-ce66265c3534	977	17-18赛季 常规赛
2f247545-8872-496c-930f-5903b8c4c8a6	400f5241-2d8c-4e12-8626-a2c6294e8cf2	4195	17-18赛季 常规赛
2f2c2420-73fe-4942-8715-a04241ce2aaa	1cd7fa0e-9772-47f5-9569-ce66265c3534	695	17-18赛季 常规赛
2f552819-a3f4-47c2-93d7-7970492608ea	838ca4d6-97bc-4da0-94e7-7b682a83a56c	495	17-18赛季 常规赛
2f5ace32-13b4-4e61-a16e-dcd429b438e3	f51aea18-1681-4547-8d9f-62b026654108	1215	17-18赛季 常规赛
2f6ae032-d813-4f54-bd6d-834d0114ce5a	838ca4d6-97bc-4da0-94e7-7b682a83a56c	4084	17-18赛季 常规赛
2f7d9a13-898e-4679-8b20-de523ad0b0fb	3ef59518-8d58-4fa6-a5cc-16eef086609e	4450	17-18赛季 常规赛
2f892e7f-98f1-4971-b578-2542162f0ff9	f51aea18-1681-4547-8d9f-62b026654108	4376	17-18赛季 常规赛
2fba9ec6-8da8-4fcb-8463-6cd385c748fe	d51b9f06-cba9-47d0-8c58-7ee620e5c92b	4554	17-18赛季 常规赛
2fd6a64e-9d85-446c-8600-b4137098b87f	215e4b49-aecd-4508-afa9-05a77cccbeb3	4411	17-18赛季 常规赛
3057eae3-3afa-48ac-b3fa-b16037cbc5e6	09e0c29b-e595-4d2b-ad94-bf730de50302	1342	17-18赛季 常规赛
308eb0fc-d830-4b89-9b6a-6d10d95c644f	838ca4d6-97bc-4da0-94e7-7b682a83a56c	4587	17-18赛季 常规赛
30de1efa-9b48-4306-82b2-53009f538618	a2b6d70d-f5f9-4d51-8361-766c38198dfb	4586	17-18赛季 常规赛
30e06792-de4b-4ea5-98ee-8960663807b7	a2b6d70d-f5f9-4d51-8361-766c38198dfb	3291	17-18赛季 常规赛
30f27f83-c141-42f8-bcaa-786f3ed760dc	affda843-0e17-4851-aaec-dc4cea129b2e	4501	17-18赛季 常规赛
313049f0-053f-4911-9429-3d42d5b324ef	1cd7fa0e-9772-47f5-9569-ce66265c3534	2877	17-18赛季 常规赛
31676aa2-2b04-4195-a8ef-ce71b7c41eee	1cd7fa0e-9772-47f5-9569-ce66265c3534	4613	17-18赛季 常规赛
3167be91-3bca-44c8-a3b5-9046aa9a0c89	a2b6d70d-f5f9-4d51-8361-766c38198dfb	4615	17-18赛季 常规赛
31eb9de6-fe1f-482f-9269-75aa7f026ae7	becf503a-f452-4d40-834a-4593803ce36c	4311	17-18赛季 常规赛
331a4681-77c0-4d30-b8f9-1d46eb2b7115	bb0a3e7e-8836-488f-87e9-80f5d044ce16	4592	17-18赛季 常规赛
3350f0f2-6df3-4903-b62d-e129bc797e76	c2fcb6c9-63f5-454d-87c9-9977dc2fcee7	4380	17-18赛季 常规赛
338aa0c8-d5a9-4486-a3d9-39bf060b4884	b519b71b-0fc6-4865-8538-5eb0849917da	4412	17-18赛季 常规赛
33b5c568-0113-4859-a26e-f5ebba28ebbb	89f160d8-f403-419e-b793-82915e4db48f	4403	17-18赛季 常规赛
33ba8ab1-74c4-42f9-9027-e1f479712ba4	09e0c29b-e595-4d2b-ad94-bf730de50302	4462	17-18赛季 常规赛
34226767-a74a-4aed-ad0e-2ee41946d279	1aa7b357-2447-44bd-9f0e-b27a2eecdf1d	4319	17-18赛季 常规赛
3430af43-6784-4c32-ae91-f53fae6abc58	d3628e5f-8172-44ce-997b-7ce4efad17b1	4291	17-18赛季 常规赛
34477962-a6b2-473b-b414-f2caa96a712f	a2b6d70d-f5f9-4d51-8361-766c38198dfb	4615	17-18赛季 常规赛
351ffb4d-ad8a-42a0-b292-232900f89a04	400f5241-2d8c-4e12-8626-a2c6294e8cf2	4348	17-18赛季 常规赛
35548049-62ce-4111-8612-8c756db68ef0	1cd7fa0e-9772-47f5-9569-ce66265c3534	695	17-18赛季 常规赛
3627dbf2-2b9f-47fe-9902-10dec04b86a1	c4b7d7fd-b4f8-4fdb-b105-52f5c3089ce3	4634	17-18赛季 常规赛
36977a4f-90ae-4fce-b484-caaa495a3ce3	1aa7b357-2447-44bd-9f0e-b27a2eecdf1d	4353	17-18赛季 常规赛
371a0e17-8230-4882-a842-f4b3f9e155f6	838ca4d6-97bc-4da0-94e7-7b682a83a56c	4607	17-18赛季 常规赛
3726287c-bad2-420c-bb31-caa62eeca871	468ae0b5-3be6-4137-a095-21fb1eb61519	4607	17-18赛季 常规赛
375fae8a-ec25-4164-ac00-5a3a9aa702bd	1aa7b357-2447-44bd-9f0e-b27a2eecdf1d	2886	17-18赛季 常规赛
388ecfca-cbbb-4a3f-b805-e8b4ed4e6483	838ca4d6-97bc-4da0-94e7-7b682a83a56c	2581	17-18赛季 常规赛
38983e8d-41fc-46c4-af7d-d3118dcb8271	4d7c7173-30bf-4329-859e-bed49a89d003	4605	17-18赛季 常规赛
39169b09-a7b1-40ae-a057-0edf2f372d1f	4d7c7173-30bf-4329-859e-bed49a89d003	445	17-18赛季 常规赛
391e8b76-afb9-409d-add9-d89c27fe17c5	d0359680-2514-496e-9f33-67ba85b00fcf	4122	17-18赛季 常规赛
3930ee78-12ff-466e-9dac-ed2f6fa8c439	838ca4d6-97bc-4da0-94e7-7b682a83a56c	4186	17-18赛季 常规赛
39418e3d-f00c-4094-bb15-f9044b9308a4	f51aea18-1681-4547-8d9f-62b026654108	4143	17-18赛季 常规赛
3a8174b9-0d9e-4b1f-9287-59fc10b560d3	4d7c7173-30bf-4329-859e-bed49a89d003	4501	17-18赛季 常规赛
3ae82222-706a-48a2-8db1-4b043951942a	1cd7fa0e-9772-47f5-9569-ce66265c3534	3735	17-18赛季 常规赛
3b7310ba-8f7f-4120-9e8e-f7810be5c6a5	d3628e5f-8172-44ce-997b-7ce4efad17b1	4500	17-18赛季 常规赛
3c17311f-8238-4583-92f6-b15ee6536bb0	838ca4d6-97bc-4da0-94e7-7b682a83a56c	1602	17-18赛季 常规赛
3c29d2b6-7c51-433e-b7b0-1647f13f22b3	1cd7fa0e-9772-47f5-9569-ce66265c3534	4526	17-18赛季 常规赛
3c846cc0-4d2f-4776-8964-5e38ae5a80db	d51b9f06-cba9-47d0-8c58-7ee620e5c92b	4034	17-18赛季 常规赛
3cc0a25b-addb-4465-9f6a-8cc3d8a3a7f9	c4b7d7fd-b4f8-4fdb-b105-52f5c3089ce3	4635	17-18赛季 常规赛
3cd10558-c48c-47c8-ae9d-581a11395b38	400f5241-2d8c-4e12-8626-a2c6294e8cf2	2280	17-18赛季 常规赛
3cd40145-f145-4999-a36b-9a374350995a	ddd83928-3176-4f53-9675-1fa2f7bc7057	4633	17-18赛季 常规赛
3cf9be32-db17-4ec6-813c-b71279557a8f	a2b6d70d-f5f9-4d51-8361-766c38198dfb	3615	17-18赛季 常规赛
3d22bac0-5c9e-4f60-be09-70a4ee773608	f51aea18-1681-4547-8d9f-62b026654108	1720	17-18赛季 常规赛
3d34861e-93b9-4ec6-a720-ccc95fb9c85f	16df761f-26e9-425e-8470-af93547d206a	4552	17-18赛季 常规赛
3d510ab4-5fb7-490d-99e3-25f2d7c06343	d0359680-2514-496e-9f33-67ba85b00fcf	4527	17-18赛季 常规赛
3d682a0c-181b-45e2-bee0-5e662998d50c	ddd83928-3176-4f53-9675-1fa2f7bc7057	4379	17-18赛季 常规赛
3d736b57-c85d-4d48-b5bb-54d651d079a4	c4b7d7fd-b4f8-4fdb-b105-52f5c3089ce3	4212	17-18赛季 常规赛
3d7cfba0-66ee-41db-8292-63394b357bf4	09e0c29b-e595-4d2b-ad94-bf730de50302	45	17-18赛季 常规赛
3d84cd34-806a-4b96-bb2e-6ee08f0a9a67	468ae0b5-3be6-4137-a095-21fb1eb61519	4447	17-18赛季 常规赛
3dcf1055-c37f-4195-a5d6-34bbd3baf942	f51aea18-1681-4547-8d9f-62b026654108	4519	17-18赛季 常规赛
3e0f8b59-9a0d-47cc-8b89-4c4bdd74701d	b519b71b-0fc6-4865-8538-5eb0849917da	4584	17-18赛季 常规赛
3e75ad7e-5a68-4029-8e53-9a04adc91434	f51aea18-1681-4547-8d9f-62b026654108	4377	17-18赛季 常规赛
3eafcb9e-bda9-4311-a928-07b71cb27d87	bb0a3e7e-8836-488f-87e9-80f5d044ce16	4439	17-18赛季 常规赛
3eb1a257-71ee-494b-9e05-dbf7ba0184f5	b519b71b-0fc6-4865-8538-5eb0849917da	4539	17-18赛季 常规赛
3f298b0f-8bec-4d3b-a0f6-d81d993c25e1	16df761f-26e9-425e-8470-af93547d206a	4553	17-18赛季 常规赛
3f4a164e-d214-41ad-8238-f56e1bcc1440	89f160d8-f403-419e-b793-82915e4db48f	4333	17-18赛季 常规赛
3f558b46-2099-4e23-b5ac-2adb55c79ea6	bb0a3e7e-8836-488f-87e9-80f5d044ce16	4170	17-18赛季 常规赛
3f9ba768-51c1-4110-a335-10f268682d9b	c4b7d7fd-b4f8-4fdb-b105-52f5c3089ce3	2602	17-18赛季 常规赛
4037227e-741d-46a8-ad0a-f953025d1fb8	1cd7fa0e-9772-47f5-9569-ce66265c3534	4431	17-18赛季 常规赛
40682b01-eaec-4a5b-9ede-d71928662b04	affda843-0e17-4851-aaec-dc4cea129b2e	2864	17-18赛季 常规赛
40b56bf0-9436-42fa-91b6-b82407b353bc	becf503a-f452-4d40-834a-4593803ce36c	2242	17-18赛季 常规赛
40dfb385-db81-4031-9663-73126d64a774	09e0c29b-e595-4d2b-ad94-bf730de50302	4073	17-18赛季 常规赛
412e0e01-4438-4274-b072-44dedb8d7aa7	1aa7b357-2447-44bd-9f0e-b27a2eecdf1d	4549	17-18赛季 常规赛
4147ca5a-1bb1-418f-8167-d1916bae6714	b519b71b-0fc6-4865-8538-5eb0849917da	4363	17-18赛季 常规赛
41a96d1e-6a20-4fef-9266-4c95b383cbb4	215e4b49-aecd-4508-afa9-05a77cccbeb3	4411	17-18赛季 常规赛
41f8dee4-48ef-4469-a730-7e25ef7d1186	d3628e5f-8172-44ce-997b-7ce4efad17b1	3634	17-18赛季 常规赛
422e0cbf-332b-4bf2-90cd-e07d1e5810be	bb0a3e7e-8836-488f-87e9-80f5d044ce16	1437	17-18赛季 常规赛
42d3f3c6-66c8-40e6-b4b5-7e378a40891a	d0359680-2514-496e-9f33-67ba85b00fcf	358	17-18赛季 常规赛
4338f7ab-de63-4a63-b02c-8e768d22cd15	c2fcb6c9-63f5-454d-87c9-9977dc2fcee7	688	17-18赛季 常规赛
439adb21-2707-4b1e-8b20-f0ba7e807006	b509e1a0-1b9e-4bce-a7d2-ea403bdd5e6c	4648	17-18赛季 常规赛
43bac1a4-7b51-4259-b91b-0c33988e1d08	09e0c29b-e595-4d2b-ad94-bf730de50302	1342	17-18赛季 常规赛
44589766-c657-46c6-bf24-12bd406b1c6b	c2fcb6c9-63f5-454d-87c9-9977dc2fcee7	1602	17-18赛季 常规赛
44694de9-f69f-4a7c-8b55-9063c55572f3	a2b6d70d-f5f9-4d51-8361-766c38198dfb	1244	17-18赛季 常规赛
4492bb50-a449-4dfe-bf30-676cddf53052	1aa7b357-2447-44bd-9f0e-b27a2eecdf1d	2135	17-18赛季 常规赛
44c507e7-8f98-4636-b7d2-49bd30ba05dd	400f5241-2d8c-4e12-8626-a2c6294e8cf2	575	17-18赛季 常规赛
45003c9f-4797-4522-937d-b195a5a1b554	ddd83928-3176-4f53-9675-1fa2f7bc7057	4304	17-18赛季 常规赛
4523fb39-6c6b-4dbd-80ea-7e352b766af3	d3628e5f-8172-44ce-997b-7ce4efad17b1	4467	17-18赛季 常规赛
45278d4c-00be-41d8-9ce0-edc17a6090fe	09e0c29b-e595-4d2b-ad94-bf730de50302	3920	17-18赛季 常规赛
453b3be9-dd52-43c1-a11d-eab6f77cd744	d0359680-2514-496e-9f33-67ba85b00fcf	4508	17-18赛季 常规赛
45473e2b-15d5-41bd-a8f4-74c04afad7fc	89f160d8-f403-419e-b793-82915e4db48f	4468	17-18赛季 常规赛
457319ec-c004-450d-951a-6bbb2b0e48f1	1cd7fa0e-9772-47f5-9569-ce66265c3534	4613	17-18赛季 常规赛
45bf5e3f-bfe2-4b7a-bb84-0868a426e9ca	ddd83928-3176-4f53-9675-1fa2f7bc7057	4352	17-18赛季 常规赛
45e4efa1-0ea6-42d5-b566-cf8c084fbae7	affda843-0e17-4851-aaec-dc4cea129b2e	4431	17-18赛季 常规赛
45e814fd-d3e9-4d49-80c2-881fde70fd93	16df761f-26e9-425e-8470-af93547d206a	4554	17-18赛季 常规赛
4609cd25-8080-47cc-bd90-c1c51fbde69a	f51aea18-1681-4547-8d9f-62b026654108	1387	17-18赛季 常规赛
464a33d1-ff33-46a9-bc03-d8db8faed679	c2fcb6c9-63f5-454d-87c9-9977dc2fcee7	1844	17-18赛季 常规赛
46c319d1-8d3c-48f6-a286-1e3823a72d81	09e0c29b-e595-4d2b-ad94-bf730de50302	4189	17-18赛季 常规赛
472db30e-9ac1-4b70-a4f1-1b968c42cb79	4d7c7173-30bf-4329-859e-bed49a89d003	4367	17-18赛季 常规赛
47396937-865f-42ee-be78-c61d8f587527	215e4b49-aecd-4508-afa9-05a77cccbeb3	149	17-18赛季 常规赛
474b8ba6-56b5-408d-b0d2-fa4b488a6427	c2fcb6c9-63f5-454d-87c9-9977dc2fcee7	4616	17-18赛季 常规赛
476988e6-7cbf-42dd-a831-a93264f5d26a	c8c3ecde-68f8-41f6-b234-4354f72d3afc	20	17-18赛季 常规赛
479413a9-c98d-45de-ad6a-9d3e34584e6d	215e4b49-aecd-4508-afa9-05a77cccbeb3	567	17-18赛季 常规赛
48410ee6-0fb0-4f3e-84bf-1ce5124b236f	09e0c29b-e595-4d2b-ad94-bf730de50302	4177	17-18赛季 常规赛
48800bf2-0bc0-442e-a01d-92cce584d659	affda843-0e17-4851-aaec-dc4cea129b2e	53	17-18赛季 常规赛
495e959e-8497-4be7-ae44-55b9cf9e4379	4d7c7173-30bf-4329-859e-bed49a89d003	4484	17-18赛季 常规赛
49b24c67-785b-4613-9e46-8a18bf78ca05	becf503a-f452-4d40-834a-4593803ce36c	4124	17-18赛季 常规赛
49cf25f7-9670-4c4d-8f80-475ffa7a3429	d3628e5f-8172-44ce-997b-7ce4efad17b1	4499	17-18赛季 常规赛
49f25ef5-f94e-4e3e-847e-e409d71c3cd9	d3628e5f-8172-44ce-997b-7ce4efad17b1	4500	17-18赛季 常规赛
4a2fda1e-17c9-4785-81f8-5f9f7586e826	838ca4d6-97bc-4da0-94e7-7b682a83a56c	2378	17-18赛季 常规赛
4a657992-4be3-4fb7-be13-ac4ddcef4b6d	16df761f-26e9-425e-8470-af93547d206a	2287	17-18赛季 常规赛
4aba4cc8-1928-4acf-add6-01c87dcdcd6d	bb0a3e7e-8836-488f-87e9-80f5d044ce16	4593	17-18赛季 常规赛
4ac38050-0cbd-4700-a0f8-66fe06aad192	c2fcb6c9-63f5-454d-87c9-9977dc2fcee7	4100	17-18赛季 常规赛
4aeca9c9-ae99-4b22-bea6-ee400e4d44bc	468ae0b5-3be6-4137-a095-21fb1eb61519	4478	17-18赛季 常规赛
4b412d53-607a-4710-bae7-b5388d9bf6f1	becf503a-f452-4d40-834a-4593803ce36c	4065	17-18赛季 常规赛
4bcb0cc1-4412-4a7c-a5d9-0482f7318c62	ddd83928-3176-4f53-9675-1fa2f7bc7057	1175	17-18赛季 常规赛
4c194c93-5e0a-4806-8eba-f3cd56162cb5	c8c3ecde-68f8-41f6-b234-4354f72d3afc	4299	17-18赛季 常规赛
4c31a353-b201-472d-9721-b31b51b1d0da	468ae0b5-3be6-4137-a095-21fb1eb61519	421	17-18赛季 常规赛
4c4eb5ac-5182-4e84-bf10-4047a0cd2e66	3ef59518-8d58-4fa6-a5cc-16eef086609e	4575	17-18赛季 常规赛
4c89decb-69e4-4a18-a63e-adb17b93533d	f51aea18-1681-4547-8d9f-62b026654108	4566	17-18赛季 常规赛
4c8f8b80-d49b-481e-b33d-38bfc42f45b7	85f42360-b442-44e1-af11-50aaf9dc6a6d	4381	17-18赛季 常规赛
4ca5f0c5-9d14-4996-baeb-ecaa10fac804	b519b71b-0fc6-4865-8538-5eb0849917da	4412	17-18赛季 常规赛
4d657b89-89ef-49b6-a87f-e0c62898eaf9	ddd83928-3176-4f53-9675-1fa2f7bc7057	4589	17-18赛季 常规赛
4d84ef60-7852-40ca-a793-a8ef7c21e630	1cd7fa0e-9772-47f5-9569-ce66265c3534	4297	17-18赛季 常规赛
4e6a7195-d3ee-40b6-b609-233f080988e9	85f42360-b442-44e1-af11-50aaf9dc6a6d	1215	17-18赛季 常规赛
4e8233f1-38ea-439b-a5f6-dd7fc015eb26	838ca4d6-97bc-4da0-94e7-7b682a83a56c	2487	17-18赛季 常规赛
4e9dbaf6-9498-470d-a88f-1feb9e03dcea	89f160d8-f403-419e-b793-82915e4db48f	4560	17-18赛季 常规赛
4eb69d36-cc89-48f4-a681-9c4699c67c48	3ef59518-8d58-4fa6-a5cc-16eef086609e	4209	17-18赛季 常规赛
4ee21e04-f5ce-43c5-a31e-5a9a157fc437	ddd83928-3176-4f53-9675-1fa2f7bc7057	3669	17-18赛季 常规赛
4f152e15-a1bf-43bf-af39-98fa879b2a36	ddd83928-3176-4f53-9675-1fa2f7bc7057	1836	17-18赛季 常规赛
4f45f7ab-2be8-42f9-9b19-aa87b0ebb29b	468ae0b5-3be6-4137-a095-21fb1eb61519	981	17-18赛季 常规赛
4f6d7640-e0ad-4617-ab4c-651e9380f62b	b519b71b-0fc6-4865-8538-5eb0849917da	4343	17-18赛季 常规赛
4fdd089a-39d5-4153-83d1-28fdaf9bf67e	c2fcb6c9-63f5-454d-87c9-9977dc2fcee7	2317	17-18赛季 常规赛
4fee58dc-4a89-4cb4-9ab8-1ab4c1850460	1cd7fa0e-9772-47f5-9569-ce66265c3534	614	17-18赛季 常规赛
5011142f-3260-4ec6-8a42-9b6f8ad5da42	b519b71b-0fc6-4865-8538-5eb0849917da	3233	17-18赛季 常规赛
501e4b35-998e-4bf0-92e0-03367a4be5d4	f51aea18-1681-4547-8d9f-62b026654108	4609	17-18赛季 常规赛
504f6424-d5ce-4c19-a4ea-5668e65825bf	16df761f-26e9-425e-8470-af93547d206a	4470	17-18赛季 常规赛
50b56dc4-957e-49d9-9da6-56edf455c1e9	d3628e5f-8172-44ce-997b-7ce4efad17b1	4333	17-18赛季 常规赛
511486d5-d3a3-4b34-99e0-1fac72139723	d0359680-2514-496e-9f33-67ba85b00fcf	1840	17-18赛季 常规赛
514282b2-d519-4b59-8326-1273f6cd4211	d0359680-2514-496e-9f33-67ba85b00fcf	358	17-18赛季 常规赛
51585308-3372-4e9e-8c62-fd9dcb33f74d	bb0a3e7e-8836-488f-87e9-80f5d044ce16	449	17-18赛季 常规赛
517e3892-34f0-4a51-8b41-989b68e95a78	bb0a3e7e-8836-488f-87e9-80f5d044ce16	4014	17-18赛季 常规赛
51aeb0ba-b838-4f09-9401-6dc90db756de	09e0c29b-e595-4d2b-ad94-bf730de50302	4177	17-18赛季 常规赛
51b7c63c-feae-41e1-8b95-79fdcfd41738	838ca4d6-97bc-4da0-94e7-7b682a83a56c	4502	17-18赛季 常规赛
5261a51a-5b21-4d95-bf8d-9d67a9a89369	ddd83928-3176-4f53-9675-1fa2f7bc7057	3416	17-18赛季 常规赛
5269688e-f9b2-49a9-b531-d263a6b38dab	c4b7d7fd-b4f8-4fdb-b105-52f5c3089ce3	2043	17-18赛季 常规赛
5297012c-ead8-4b30-8e21-93acadbfc168	f51aea18-1681-4547-8d9f-62b026654108	4567	17-18赛季 常规赛
52c67738-c893-4e25-8944-6793b1d1e4de	bb0a3e7e-8836-488f-87e9-80f5d044ce16	4342	17-18赛季 常规赛
52dc8c0f-02e9-472e-87d6-87838220457c	3ef59518-8d58-4fa6-a5cc-16eef086609e	4209	17-18赛季 常规赛
52f6c6fc-b822-4929-b742-015223b680a2	5242f11f-456e-4dba-89a5-6de617236cf6	4308	17-18赛季 常规赛
531023cc-08b9-4eee-aadc-8d6b0624ddd2	d3628e5f-8172-44ce-997b-7ce4efad17b1	4499	17-18赛季 常规赛
53384daf-df42-4877-9f8f-acd390726341	affda843-0e17-4851-aaec-dc4cea129b2e	4286	17-18赛季 常规赛
53445f85-99dd-43b6-9ca1-e18cab2366c9	b509e1a0-1b9e-4bce-a7d2-ea403bdd5e6c	707	17-18赛季 常规赛
534b65d3-69ee-49d0-9804-30711eeb79d4	838ca4d6-97bc-4da0-94e7-7b682a83a56c	495	17-18赛季 常规赛
5372719a-ffd7-4fe0-a51c-f9c30bd99720	09e0c29b-e595-4d2b-ad94-bf730de50302	4462	17-18赛季 常规赛
537e5b40-3976-4bfa-b99c-931e8a11d4a2	becf503a-f452-4d40-834a-4593803ce36c	4449	17-18赛季 常规赛
53b8abc8-3bab-420d-ba39-9c595ae39694	c4b7d7fd-b4f8-4fdb-b105-52f5c3089ce3	3402	17-18赛季 常规赛
53c2046b-06d1-4a54-ab62-fb85f8cdf014	d3628e5f-8172-44ce-997b-7ce4efad17b1	4555	17-18赛季 常规赛
541f227b-80bd-4aff-991c-be67a109762b	3ef59518-8d58-4fa6-a5cc-16eef086609e	4543	17-18赛季 常规赛
549fd24e-702a-4038-af8e-b7630135a341	468ae0b5-3be6-4137-a095-21fb1eb61519	4545	17-18赛季 常规赛
557cb5af-af5a-448a-b952-3eedd32e0e5e	85f42360-b442-44e1-af11-50aaf9dc6a6d	4188	17-18赛季 常规赛
557e9338-300e-4938-834a-5b1cb46799a8	affda843-0e17-4851-aaec-dc4cea129b2e	4504	17-18赛季 常规赛
55dcd9dd-eb41-4e2f-9409-85cadc808e5f	a2b6d70d-f5f9-4d51-8361-766c38198dfb	3291	17-18赛季 常规赛
56308c6a-99be-4462-bd98-b4aeee0bad0e	d51b9f06-cba9-47d0-8c58-7ee620e5c92b	4408	17-18赛季 常规赛
56605e90-53ac-4916-889b-a616179211f3	d0359680-2514-496e-9f33-67ba85b00fcf	4156	17-18赛季 常规赛
569a4470-25fb-46bf-a3a2-aae6b8b982fa	89f160d8-f403-419e-b793-82915e4db48f	4453	17-18赛季 常规赛
56c61043-694c-4754-8eaf-f6ca345e786e	3ef59518-8d58-4fa6-a5cc-16eef086609e	1451	17-18赛季 常规赛
56cb1556-aa94-4f23-b796-55fa14b8ee3a	a2b6d70d-f5f9-4d51-8361-766c38198dfb	2069	17-18赛季 常规赛
56d80cf8-bce1-4726-a63e-8112b6dcabf9	a2b6d70d-f5f9-4d51-8361-766c38198dfb	4305	17-18赛季 常规赛
56e47158-d6df-4e5e-a4a3-f80e6f12cc37	89f160d8-f403-419e-b793-82915e4db48f	2341	17-18赛季 常规赛
56f0bf60-70f9-42e5-b1ad-cd883be52508	b519b71b-0fc6-4865-8538-5eb0849917da	4283	17-18赛季 常规赛
56f1c40b-ba34-4aaa-b6fc-eeed6423069e	becf503a-f452-4d40-834a-4593803ce36c	4311	17-18赛季 常规赛
57f21ca2-1bdd-43dc-81e6-8fb5268adf4d	89f160d8-f403-419e-b793-82915e4db48f	4619	17-18赛季 常规赛
57f9b783-3393-492d-8de3-5e7c3a8d6093	3ef59518-8d58-4fa6-a5cc-16eef086609e	1451	17-18赛季 常规赛
583217c7-5045-4246-b673-d16f96f0ddbd	becf503a-f452-4d40-834a-4593803ce36c	4511	17-18赛季 常规赛
5857ebde-a2fc-4bce-bfcc-ace7302146ea	a2b6d70d-f5f9-4d51-8361-766c38198dfb	4409	17-18赛季 常规赛
586b5f57-9fb4-4cfd-b4a5-791d4f99edbf	bb0a3e7e-8836-488f-87e9-80f5d044ce16	4170	17-18赛季 常规赛
587d4866-ac1a-488d-803a-c4cba59fbfe8	d0359680-2514-496e-9f33-67ba85b00fcf	4577	17-18赛季 常规赛
589b3850-186c-4057-89aa-248957976bc3	ddd83928-3176-4f53-9675-1fa2f7bc7057	2936	17-18赛季 常规赛
5939abe5-2f41-4390-9945-45d87e286a67	09e0c29b-e595-4d2b-ad94-bf730de50302	3920	17-18赛季 常规赛
593aa9ab-c2ee-4f96-86d9-43ad0fb0a4c2	c8c3ecde-68f8-41f6-b234-4354f72d3afc	4329	17-18赛季 常规赛
59698828-5690-4f51-bce2-7e3632b5e976	215e4b49-aecd-4508-afa9-05a77cccbeb3	4392	17-18赛季 常规赛
598ba63d-14c0-4143-b509-045a5cfc9367	215e4b49-aecd-4508-afa9-05a77cccbeb3	4649	17-18赛季 常规赛
599e262a-1949-48fe-8441-985747a9acff	becf503a-f452-4d40-834a-4593803ce36c	4630	17-18赛季 常规赛
59c2b8e1-7173-4cfb-8b01-d63041cb6cf0	85f42360-b442-44e1-af11-50aaf9dc6a6d	291	17-18赛季 常规赛
59d06b8a-8ca6-439d-89a7-a8d0d4ae162b	468ae0b5-3be6-4137-a095-21fb1eb61519	4477	17-18赛季 常规赛
5a2014d5-6709-436a-bf7a-cf822a3fbe88	becf503a-f452-4d40-834a-4593803ce36c	4449	17-18赛季 常规赛
5a8bda5c-2132-4342-a613-7be0600863c4	b519b71b-0fc6-4865-8538-5eb0849917da	4282	17-18赛季 常规赛
5adf9157-9255-46b4-92f3-b79fd78a0205	5242f11f-456e-4dba-89a5-6de617236cf6	4495	17-18赛季 常规赛
5afe0658-183f-4031-8606-ba5b0a1b5078	468ae0b5-3be6-4137-a095-21fb1eb61519	4643	17-18赛季 常规赛
5b1184ca-8bb4-4afc-84e5-9d43e945f374	3ef59518-8d58-4fa6-a5cc-16eef086609e	1690	17-18赛季 常规赛
5b2742a0-bae9-427e-b4f8-9a094193012f	85f42360-b442-44e1-af11-50aaf9dc6a6d	1879	17-18赛季 常规赛
5b372ba4-d1fc-4f0a-b402-a99f663764b4	85f42360-b442-44e1-af11-50aaf9dc6a6d	4399	17-18赛季 常规赛
5c5a02c8-b86b-4a19-bdcb-e64def00b719	a2b6d70d-f5f9-4d51-8361-766c38198dfb	4288	17-18赛季 常规赛
5cd248bc-25ef-4cc5-8dc9-272085975c13	c2fcb6c9-63f5-454d-87c9-9977dc2fcee7	4610	17-18赛季 常规赛
5d4f534f-aca1-478c-9567-8fa96fcc9fed	89f160d8-f403-419e-b793-82915e4db48f	2064	17-18赛季 常规赛
5d9bfb58-86b3-48b6-addb-920857fa95b6	a2b6d70d-f5f9-4d51-8361-766c38198dfb	4438	17-18赛季 常规赛
5da75fb4-709f-40fa-b536-6824c73fbe17	5242f11f-456e-4dba-89a5-6de617236cf6	4551	17-18赛季 常规赛
5de912d6-7034-4769-a18c-81d7cbb83d9d	85f42360-b442-44e1-af11-50aaf9dc6a6d	3560	17-18赛季 常规赛
5df5563d-9093-4d04-b816-72bcfe30361b	16df761f-26e9-425e-8470-af93547d206a	4631	17-18赛季 常规赛
5e3501b6-4143-475e-95c1-7a50160dad37	1aa7b357-2447-44bd-9f0e-b27a2eecdf1d	4415	17-18赛季 常规赛
5e3a69df-88ca-4b63-af76-0fc26acd4867	400f5241-2d8c-4e12-8626-a2c6294e8cf2	4155	17-18赛季 常规赛
5ea96ed6-002d-4ecc-a349-5de6c30c5d97	d51b9f06-cba9-47d0-8c58-7ee620e5c92b	1587	17-18赛季 常规赛
5eb980b4-c6c0-45cc-bc33-6cbae1288548	1cd7fa0e-9772-47f5-9569-ce66265c3534	4544	17-18赛季 常规赛
5ebd16b3-5449-4bae-a84f-df8f70e90207	1cd7fa0e-9772-47f5-9569-ce66265c3534	4349	17-18赛季 常规赛
5ec19018-602b-4884-a6d9-5695de6cabf9	b519b71b-0fc6-4865-8538-5eb0849917da	2571	17-18赛季 常规赛
5ed6baa9-9bfc-488f-911c-b9b337ccda35	becf503a-f452-4d40-834a-4593803ce36c	2108	17-18赛季 常规赛
5efa9e69-d326-4175-a7c0-a45bc792b198	c4b7d7fd-b4f8-4fdb-b105-52f5c3089ce3	4485	17-18赛季 常规赛
5f323504-4f2a-4123-98a5-f0a31f179fdb	becf503a-f452-4d40-834a-4593803ce36c	4623	17-18赛季 常规赛
5fe6e504-da02-42fc-b2f2-331592d4119f	838ca4d6-97bc-4da0-94e7-7b682a83a56c	4448	17-18赛季 常规赛
60062b0d-de3c-49a5-914d-bf8e627b175f	b509e1a0-1b9e-4bce-a7d2-ea403bdd5e6c	3928	17-18赛季 常规赛
6025160a-9e73-4f9f-8b99-e80efc3ad495	5242f11f-456e-4dba-89a5-6de617236cf6	3515	17-18赛季 常规赛
6050e2b3-b75d-410b-9ada-fc36e5dc3a0c	4d7c7173-30bf-4329-859e-bed49a89d003	4540	17-18赛季 常规赛
60601241-e54f-4ecb-b57f-cc71d44279aa	3ef59518-8d58-4fa6-a5cc-16eef086609e	3356	17-18赛季 常规赛
60be3bfc-5801-4bdd-a06f-911fc8ac7bf8	3ef59518-8d58-4fa6-a5cc-16eef086609e	1564	17-18赛季 常规赛
60d7e859-b406-442f-b894-62a4da89d5fd	c4b7d7fd-b4f8-4fdb-b105-52f5c3089ce3	3402	17-18赛季 常规赛
613ab121-5504-4991-807c-c7e33c1a5bad	c8c3ecde-68f8-41f6-b234-4354f72d3afc	2777	17-18赛季 常规赛
61735ad0-edf4-4e31-aaa2-910fb3c9a082	a2b6d70d-f5f9-4d51-8361-766c38198dfb	4438	17-18赛季 常规赛
6187557d-ec75-40e2-97f0-7e55941d41a0	c4b7d7fd-b4f8-4fdb-b105-52f5c3089ce3	4169	17-18赛季 常规赛
61f3351b-8e76-4d12-8d7f-73d6986e87eb	1cd7fa0e-9772-47f5-9569-ce66265c3534	1356	17-18赛季 常规赛
621bc010-6bee-4a93-b62d-1a9b2d2d62a1	d3628e5f-8172-44ce-997b-7ce4efad17b1	4468	17-18赛季 常规赛
6278845e-b251-4886-8092-86d84f8f8831	c2fcb6c9-63f5-454d-87c9-9977dc2fcee7	4465	17-18赛季 常规赛
62e70e01-802e-46e9-af79-7ddfec4cb7cc	3ef59518-8d58-4fa6-a5cc-16eef086609e	4296	17-18赛季 常规赛
62ef51aa-09f8-4ca7-8ec6-26949950fced	bb0a3e7e-8836-488f-87e9-80f5d044ce16	3179	17-18赛季 常规赛
630d0a74-55cb-49db-ae70-e883b3abf23d	c8c3ecde-68f8-41f6-b234-4354f72d3afc	4557	17-18赛季 常规赛
636c0b05-88f4-417b-85da-aa1288bd0c93	4d7c7173-30bf-4329-859e-bed49a89d003	4350	17-18赛季 常规赛
63712ce8-f8bc-4622-99c6-40452faac07f	d3628e5f-8172-44ce-997b-7ce4efad17b1	1928	17-18赛季 常规赛
63818203-3834-493c-8148-b17c377d186e	1aa7b357-2447-44bd-9f0e-b27a2eecdf1d	4353	17-18赛季 常规赛
6383f4f8-9d33-439f-b8d6-7e643ac0c9fe	a2b6d70d-f5f9-4d51-8361-766c38198dfb	4576	17-18赛季 常规赛
63ad9a62-f5c6-4295-98a7-50a836dfd2b4	b509e1a0-1b9e-4bce-a7d2-ea403bdd5e6c	4424	17-18赛季 常规赛
63b1757a-8f46-4194-92cd-4d290aa7ceed	c8c3ecde-68f8-41f6-b234-4354f72d3afc	4456	17-18赛季 常规赛
6427ab39-74cf-469a-a609-93816378c40d	f51aea18-1681-4547-8d9f-62b026654108	1596	17-18赛季 常规赛
64607763-81ce-46e7-b3b7-4351797d8aa3	215e4b49-aecd-4508-afa9-05a77cccbeb3	4530	17-18赛季 常规赛
646badde-4d07-4f37-a5eb-3a7657be8610	a2b6d70d-f5f9-4d51-8361-766c38198dfb	3366	17-18赛季 常规赛
64b94b47-1152-4dcc-a730-a8322b06ac88	d3628e5f-8172-44ce-997b-7ce4efad17b1	1928	17-18赛季 常规赛
64f70597-94d5-4da4-9643-58cee94e7b73	1aa7b357-2447-44bd-9f0e-b27a2eecdf1d	4442	17-18赛季 常规赛
64fd008d-e9fe-43a8-aeb9-5a0d550c01be	d0359680-2514-496e-9f33-67ba85b00fcf	4385	17-18赛季 常规赛
65078037-b1a5-4274-80fd-575396d45654	a2b6d70d-f5f9-4d51-8361-766c38198dfb	2961	17-18赛季 常规赛
6514246f-0d5f-48af-8e34-58c6b71906ac	ddd83928-3176-4f53-9675-1fa2f7bc7057	4624	17-18赛季 常规赛
6548c6a5-26c9-4ece-8cc5-bc69417e3283	b519b71b-0fc6-4865-8538-5eb0849917da	4385	17-18赛季 常规赛
655fd227-b51e-45ba-a9fb-78e611936569	468ae0b5-3be6-4137-a095-21fb1eb61519	524	17-18赛季 常规赛
65b8c82f-86d2-44f5-b24f-96a284f190b1	3ef59518-8d58-4fa6-a5cc-16eef086609e	1564	17-18赛季 常规赛
65f11f50-2a9d-40f0-a44b-281980f527fe	f51aea18-1681-4547-8d9f-62b026654108	4358	17-18赛季 常规赛
6607c667-1888-4b79-8d00-53f95329dd89	85f42360-b442-44e1-af11-50aaf9dc6a6d	4381	17-18赛季 常规赛
662397a6-2e19-4b54-b00b-b740dbba83e8	16df761f-26e9-425e-8470-af93547d206a	4553	17-18赛季 常规赛
662bbb5a-134d-4790-89dc-4566a46a799a	c8c3ecde-68f8-41f6-b234-4354f72d3afc	4487	17-18赛季 常规赛
66425371-2ee1-490c-b26b-0f94c20559da	89f160d8-f403-419e-b793-82915e4db48f	4561	17-18赛季 常规赛
66483fb9-392b-4384-a346-6d6779805e1f	d0359680-2514-496e-9f33-67ba85b00fcf	4527	17-18赛季 常规赛
665055fd-8f3e-4c1a-9ead-954ad2265ee2	ddd83928-3176-4f53-9675-1fa2f7bc7057	4624	17-18赛季 常规赛
6660eaeb-78cb-48e9-8142-ae99381b19c0	215e4b49-aecd-4508-afa9-05a77cccbeb3	4391	17-18赛季 常规赛
666c3de1-409f-4eaf-a796-b8af994db566	89f160d8-f403-419e-b793-82915e4db48f	4404	17-18赛季 常规赛
666cafe7-804c-4203-ad15-1819ffb42974	1cd7fa0e-9772-47f5-9569-ce66265c3534	4182	17-18赛季 常规赛
667a43c2-755a-40c5-99bd-a91e1ebb801e	16df761f-26e9-425e-8470-af93547d206a	4631	17-18赛季 常规赛
66be84e1-774f-4796-9949-44f93b1c7e76	215e4b49-aecd-4508-afa9-05a77cccbeb3	4391	17-18赛季 常规赛
67ef68e2-2fd6-4ad6-bb8e-711f639d6488	400f5241-2d8c-4e12-8626-a2c6294e8cf2	4583	17-18赛季 常规赛
688277e9-a8a8-4d1d-b8f0-0055e7b1a0e1	16df761f-26e9-425e-8470-af93547d206a	4626	17-18赛季 常规赛
69115408-bfa5-44e9-af6d-f2e4df6c7508	1cd7fa0e-9772-47f5-9569-ce66265c3534	4182	17-18赛季 常规赛
69417a35-d667-49dc-a5ad-302d11f4d180	215e4b49-aecd-4508-afa9-05a77cccbeb3	3637	17-18赛季 常规赛
698cae92-6aa0-44af-8a14-20a41eac7b26	400f5241-2d8c-4e12-8626-a2c6294e8cf2	2631	17-18赛季 常规赛
69e05024-a285-4b95-986e-fc418ab67a4b	becf503a-f452-4d40-834a-4593803ce36c	4124	17-18赛季 常规赛
6a2adb9c-825d-474f-af4f-7ed2b1182cd3	16df761f-26e9-425e-8470-af93547d206a	4641	17-18赛季 常规赛
6a7b477f-0025-483c-975b-00eda637a36d	1cd7fa0e-9772-47f5-9569-ce66265c3534	4297	17-18赛季 常规赛
6b56778e-3ac6-455d-b49f-b7859553abed	400f5241-2d8c-4e12-8626-a2c6294e8cf2	4583	17-18赛季 常规赛
6b6ad895-e35c-424f-a823-f5b49c4aae8b	c8c3ecde-68f8-41f6-b234-4354f72d3afc	4299	17-18赛季 常规赛
6c52d66b-07d0-4623-a452-1c5c57028aa1	468ae0b5-3be6-4137-a095-21fb1eb61519	4173	17-18赛季 常规赛
6cb02324-a3e1-4830-b8e4-25059b83fdcd	215e4b49-aecd-4508-afa9-05a77cccbeb3	4192	17-18赛季 常规赛
6cbaa728-b108-454c-accf-dafa48194889	f51aea18-1681-4547-8d9f-62b026654108	4567	17-18赛季 常规赛
6ce1cab0-b26f-4082-b23f-9df313470507	838ca4d6-97bc-4da0-94e7-7b682a83a56c	4414	17-18赛季 常规赛
6cee3d02-d6a3-4405-a7a2-5011f1bb7f56	16df761f-26e9-425e-8470-af93547d206a	689	17-18赛季 常规赛
6d516f3f-4488-459a-b5ce-b236cbb52431	ddd83928-3176-4f53-9675-1fa2f7bc7057	4352	17-18赛季 常规赛
6df7f082-07c9-4acc-aef7-0b0d2927a7b8	a2b6d70d-f5f9-4d51-8361-766c38198dfb	2834	17-18赛季 常规赛
6e4a07c3-64e1-4dbc-b1e9-19de8e47ca34	d0359680-2514-496e-9f33-67ba85b00fcf	4198	17-18赛季 常规赛
6e6c90ac-f55a-460c-ad86-1fe3a22f4578	d51b9f06-cba9-47d0-8c58-7ee620e5c92b	4064	17-18赛季 常规赛
6e86e216-cb03-4c61-a08e-d057e069c7bc	d3628e5f-8172-44ce-997b-7ce4efad17b1	4590	17-18赛季 常规赛
6e995bd7-c0d9-4346-b72d-f1190471c513	affda843-0e17-4851-aaec-dc4cea129b2e	4485	17-18赛季 常规赛
6ea077eb-ef64-4d68-8b84-eeddec2ac8db	400f5241-2d8c-4e12-8626-a2c6294e8cf2	2703	17-18赛季 常规赛
6ed2645f-023a-490f-965b-6780dba82e7b	ddd83928-3176-4f53-9675-1fa2f7bc7057	4167	17-18赛季 常规赛
6f511ad4-4ad1-492f-95a6-b6feff7ffffc	b519b71b-0fc6-4865-8538-5eb0849917da	4539	17-18赛季 常规赛
6f73f528-59ad-442e-82af-692b700b6747	16df761f-26e9-425e-8470-af93547d206a	4434	17-18赛季 常规赛
6fbccf73-60ea-4f8d-a093-7de9106f5864	a2b6d70d-f5f9-4d51-8361-766c38198dfb	4586	17-18赛季 常规赛
6fd90364-2df9-44c6-a5e8-f864c1ba294c	5242f11f-456e-4dba-89a5-6de617236cf6	77	17-18赛季 常规赛
6ff90992-fbe6-43c3-9b02-efe130410261	85f42360-b442-44e1-af11-50aaf9dc6a6d	4579	17-18赛季 常规赛
703cb731-39f4-4d35-8c82-55baafb3c7ad	5242f11f-456e-4dba-89a5-6de617236cf6	4223	17-18赛季 常规赛
70535a63-e3b8-4fa5-a769-e91878d238de	c2fcb6c9-63f5-454d-87c9-9977dc2fcee7	4374	17-18赛季 常规赛
70abda94-547a-40e0-9cd1-e662c6b6fcb4	468ae0b5-3be6-4137-a095-21fb1eb61519	4642	17-18赛季 常规赛
70dfb01a-98e7-41c9-bce6-fe7d49c45390	c4b7d7fd-b4f8-4fdb-b105-52f5c3089ce3	1899	17-18赛季 常规赛
71bf78a2-16aa-4d1b-a556-30e143b6ac04	affda843-0e17-4851-aaec-dc4cea129b2e	1628	17-18赛季 常规赛
71dbf155-f20b-4673-9f19-b256ef83e106	becf503a-f452-4d40-834a-4593803ce36c	4358	17-18赛季 常规赛
71dcea2d-2d89-476e-93fc-519f068e383f	400f5241-2d8c-4e12-8626-a2c6294e8cf2	2964	17-18赛季 常规赛
723b3fdf-8241-4c08-a288-17bde944af07	3ef59518-8d58-4fa6-a5cc-16eef086609e	4542	17-18赛季 常规赛
724d0fa0-b341-44db-aa03-9f9c9273b46d	bb0a3e7e-8836-488f-87e9-80f5d044ce16	4536	17-18赛季 常规赛
7297496f-62db-437d-bff4-4de2c2db64f7	becf503a-f452-4d40-834a-4593803ce36c	4307	17-18赛季 常规赛
7332477b-97d7-439f-9676-6b17b4f5971e	d51b9f06-cba9-47d0-8c58-7ee620e5c92b	4368	17-18赛季 常规赛
733e34e5-a51e-41b7-ae69-006df97f3073	468ae0b5-3be6-4137-a095-21fb1eb61519	4647	17-18赛季 常规赛
735e6fcd-ec19-49d1-a862-69a95e360f4e	4d7c7173-30bf-4329-859e-bed49a89d003	4350	17-18赛季 常规赛
73baada8-3921-4c4f-bf91-350c37577d66	5242f11f-456e-4dba-89a5-6de617236cf6	4308	17-18赛季 常规赛
73c2451b-5cf6-4e5f-82ce-65bca0047470	c4b7d7fd-b4f8-4fdb-b105-52f5c3089ce3	4439	17-18赛季 常规赛
73d0fb75-c2b0-47d4-9520-437ba608fb1e	c4b7d7fd-b4f8-4fdb-b105-52f5c3089ce3	4169	17-18赛季 常规赛
7441ecf0-d689-49b7-84ca-2db2048d870e	affda843-0e17-4851-aaec-dc4cea129b2e	234	17-18赛季 常规赛
7466e620-9243-498e-ac96-94a448acf0a4	c8c3ecde-68f8-41f6-b234-4354f72d3afc	4329	17-18赛季 常规赛
749df03a-e545-4509-80f2-a71068b059d2	c2fcb6c9-63f5-454d-87c9-9977dc2fcee7	4611	17-18赛季 常规赛
74ef5399-5377-4c6e-acc8-6d751e84e75e	b509e1a0-1b9e-4bce-a7d2-ea403bdd5e6c	2426	17-18赛季 常规赛
754bf4fc-25c4-44c0-b598-b16970ecabe5	d0359680-2514-496e-9f33-67ba85b00fcf	4508	17-18赛季 常规赛
755fafb9-ef6a-4131-99a1-10bf695cd7cf	becf503a-f452-4d40-834a-4593803ce36c	4370	17-18赛季 常规赛
759f3efb-f7ef-450b-a600-583f8aecea50	ddd83928-3176-4f53-9675-1fa2f7bc7057	4179	17-18赛季 常规赛
75c9f4f6-5728-4ca4-9e39-dd6c95e49113	d51b9f06-cba9-47d0-8c58-7ee620e5c92b	810	17-18赛季 常规赛
75e29e5a-74d4-4a4e-a6fa-68d92fd1348f	215e4b49-aecd-4508-afa9-05a77cccbeb3	1329	17-18赛季 常规赛
75e876a1-edf9-4428-8c34-afbbcaf01574	bb0a3e7e-8836-488f-87e9-80f5d044ce16	4091	17-18赛季 常规赛
75f292e3-8c54-4665-9eaf-023d6e93ca10	215e4b49-aecd-4508-afa9-05a77cccbeb3	241	17-18赛季 常规赛
76049256-5731-4108-ab5d-80bf283d4bb4	468ae0b5-3be6-4137-a095-21fb1eb61519	4529	17-18赛季 常规赛
761f7f97-1b9a-4a51-8b57-dfc34743b182	16df761f-26e9-425e-8470-af93547d206a	4221	17-18赛季 常规赛
765764c2-62ca-4516-942e-3825024ec795	becf503a-f452-4d40-834a-4593803ce36c	538	17-18赛季 常规赛
76cea1a3-8230-430e-815b-4bd5739c88b4	becf503a-f452-4d40-834a-4593803ce36c	2108	17-18赛季 常规赛
76d1401b-621b-4da1-b648-b7d600151e2d	f51aea18-1681-4547-8d9f-62b026654108	4598	17-18赛季 常规赛
770ed8e7-c514-424a-9182-7d527b44d631	85f42360-b442-44e1-af11-50aaf9dc6a6d	3292	17-18赛季 常规赛
77124700-15e2-4d90-b323-041960d207a2	d0359680-2514-496e-9f33-67ba85b00fcf	4127	17-18赛季 常规赛
776a898a-75e0-4250-af44-340180161880	16df761f-26e9-425e-8470-af93547d206a	4469	17-18赛季 常规赛
77af9d39-c9c4-4b3f-ae24-27ac13446f1e	c4b7d7fd-b4f8-4fdb-b105-52f5c3089ce3	4440	17-18赛季 常规赛
7885d260-1cd9-48ae-9b25-c08f280db54f	bb0a3e7e-8836-488f-87e9-80f5d044ce16	3826	17-18赛季 常规赛
78d74a07-5900-489e-822b-907537929309	c2fcb6c9-63f5-454d-87c9-9977dc2fcee7	4616	17-18赛季 常规赛
78f3225c-b89f-4e6d-a8c1-2368a7bd0539	ddd83928-3176-4f53-9675-1fa2f7bc7057	4167	17-18赛季 常规赛
790d0edb-4865-49b5-9376-93573a46a05f	4d7c7173-30bf-4329-859e-bed49a89d003	4364	17-18赛季 常规赛
7971ae5b-2b61-4415-be56-6c316f6f44e4	89f160d8-f403-419e-b793-82915e4db48f	4068	17-18赛季 常规赛
7971c229-c922-448e-9bfe-2ea8f1dd0b34	16df761f-26e9-425e-8470-af93547d206a	4388	17-18赛季 常规赛
79b11a32-d9a4-4db8-9ae1-013c2294f229	215e4b49-aecd-4508-afa9-05a77cccbeb3	149	17-18赛季 常规赛
7a81cf41-46da-420f-80ab-130a4ae08870	d0359680-2514-496e-9f33-67ba85b00fcf	4156	17-18赛季 常规赛
7ad05626-8fc8-4aae-948f-1ee969eb2491	85f42360-b442-44e1-af11-50aaf9dc6a6d	4336	17-18赛季 常规赛
7b1d53fe-13a3-47a3-848e-819a94fef368	5242f11f-456e-4dba-89a5-6de617236cf6	4500	17-18赛季 常规赛
7b2e97f8-bcf5-40fc-b9c8-72f2d91a6f0e	c4b7d7fd-b4f8-4fdb-b105-52f5c3089ce3	4562	17-18赛季 常规赛
7b67a8da-7968-4661-b49f-07aadcf894f9	1aa7b357-2447-44bd-9f0e-b27a2eecdf1d	4490	17-18赛季 常规赛
7c28d577-b49a-49ea-b5ea-596d55b21ff8	1cd7fa0e-9772-47f5-9569-ce66265c3534	4627	17-18赛季 常规赛
7c8000ba-6248-43eb-84b4-a06496b5b0ff	400f5241-2d8c-4e12-8626-a2c6294e8cf2	538	17-18赛季 常规赛
7c969c86-3df4-414a-bb5e-e5d07e735404	f51aea18-1681-4547-8d9f-62b026654108	4566	17-18赛季 常规赛
7cf399ce-75a8-45cb-8de8-abb96f162a61	bb0a3e7e-8836-488f-87e9-80f5d044ce16	4371	17-18赛季 常规赛
7d5be33d-a2c2-4b0d-977b-4425a4db2ae4	468ae0b5-3be6-4137-a095-21fb1eb61519	1697	17-18赛季 常规赛
7d628448-1480-4dab-9557-5baddffcf899	d51b9f06-cba9-47d0-8c58-7ee620e5c92b	4538	17-18赛季 常规赛
7d9b67e9-9db7-49e2-b565-d702cd7e345a	b519b71b-0fc6-4865-8538-5eb0849917da	11	17-18赛季 常规赛
7da733cd-8f93-4d6f-aff9-eb91764e3ae8	affda843-0e17-4851-aaec-dc4cea129b2e	4588	17-18赛季 常规赛
7dbb3209-0e58-4ca3-8a3d-f7ad9f007d8b	400f5241-2d8c-4e12-8626-a2c6294e8cf2	3284	17-18赛季 常规赛
7f0b7a29-b80d-4d30-b557-41293d2b0f3a	89f160d8-f403-419e-b793-82915e4db48f	4333	17-18赛季 常规赛
7f16631e-a9e4-4b28-9351-4310b231359c	d51b9f06-cba9-47d0-8c58-7ee620e5c92b	3896	17-18赛季 常规赛
7f1a4bcd-f608-4ec7-a4ae-e8ff6ee708d6	ddd83928-3176-4f53-9675-1fa2f7bc7057	4600	17-18赛季 常规赛
7f462be2-9bc2-4396-8ee6-d5c8566cf0d5	4d7c7173-30bf-4329-859e-bed49a89d003	1830	17-18赛季 常规赛
7f6e9cd8-393a-43fa-9394-9d346999db93	468ae0b5-3be6-4137-a095-21fb1eb61519	4599	17-18赛季 常规赛
7f86a549-7e69-4b5b-a273-ef2899cf4b68	838ca4d6-97bc-4da0-94e7-7b682a83a56c	4327	17-18赛季 常规赛
8014ca5e-4873-466e-a945-71f2bf691710	1aa7b357-2447-44bd-9f0e-b27a2eecdf1d	4550	17-18赛季 常规赛
802bf3ae-84c2-46ce-a6de-015e6fa00228	a2b6d70d-f5f9-4d51-8361-766c38198dfb	3615	17-18赛季 常规赛
8036c563-8bc0-40cb-a2bc-a7b6e80ebae3	becf503a-f452-4d40-834a-4593803ce36c	4310	17-18赛季 常规赛
80d497d6-5246-4b36-abb1-6a7b627eb3b7	89f160d8-f403-419e-b793-82915e4db48f	4404	17-18赛季 常规赛
81263a15-30bd-4635-b6c3-0cd986671d01	c2fcb6c9-63f5-454d-87c9-9977dc2fcee7	4465	17-18赛季 常规赛
81ad6dc9-7f17-465e-a143-ade439a1e1dc	a2b6d70d-f5f9-4d51-8361-766c38198dfb	1862	17-18赛季 常规赛
81fc717e-d4b4-4cf0-b18c-66b10621b98d	1aa7b357-2447-44bd-9f0e-b27a2eecdf1d	1355	17-18赛季 常规赛
8259ea66-5d6a-46cb-8607-5e3fa718b30d	1aa7b357-2447-44bd-9f0e-b27a2eecdf1d	4319	17-18赛季 常规赛
82b6f8e5-934c-466b-8768-1bc8a40c4953	d51b9f06-cba9-47d0-8c58-7ee620e5c92b	4064	17-18赛季 常规赛
832f2b33-408f-4a97-ad1d-c576ec642e01	838ca4d6-97bc-4da0-94e7-7b682a83a56c	4290	17-18赛季 常规赛
833d67dd-4730-4714-89d4-da95fe09ba25	4d7c7173-30bf-4329-859e-bed49a89d003	4365	17-18赛季 常规赛
834b0318-ee89-4335-b7b4-dfbc012cef9c	b519b71b-0fc6-4865-8538-5eb0849917da	4645	17-18赛季 常规赛
83bff4fd-d83a-496e-9efc-1d29d33978fc	85f42360-b442-44e1-af11-50aaf9dc6a6d	3292	17-18赛季 常规赛
83cbb30d-dc77-4104-adbb-b83459378984	400f5241-2d8c-4e12-8626-a2c6294e8cf2	4489	17-18赛季 常规赛
84659fe3-87d4-41a4-be32-0158223aae27	c2fcb6c9-63f5-454d-87c9-9977dc2fcee7	4326	17-18赛季 常规赛
8475ff94-0ae4-4cde-b2a9-d69c60a8f760	f51aea18-1681-4547-8d9f-62b026654108	4625	17-18赛季 常规赛
84a94250-3c86-4a93-91bc-be14b2c8c31d	1cd7fa0e-9772-47f5-9569-ce66265c3534	239	17-18赛季 常规赛
84abca0c-23c5-47cf-9ce2-646ef91b6ecf	f51aea18-1681-4547-8d9f-62b026654108	1772	17-18赛季 常规赛
84cfb056-01dd-441b-9e19-e236685b3ef9	89f160d8-f403-419e-b793-82915e4db48f	4561	17-18赛季 常规赛
85268f0d-17ec-412c-9e97-be4e22613ff7	3ef59518-8d58-4fa6-a5cc-16eef086609e	4144	17-18赛季 常规赛
852a6403-513e-4058-90b1-16450d315d80	c4b7d7fd-b4f8-4fdb-b105-52f5c3089ce3	4563	17-18赛季 常规赛
8577dd8f-b867-4979-b2ba-b53b012028ea	215e4b49-aecd-4508-afa9-05a77cccbeb3	4400	17-18赛季 常规赛
85985f99-7982-44ff-a748-2576b73a2a6e	09e0c29b-e595-4d2b-ad94-bf730de50302	626	17-18赛季 常规赛
8644b3ee-4ee0-4767-81f5-75b40b0e4c1b	c8c3ecde-68f8-41f6-b234-4354f72d3afc	4558	17-18赛季 常规赛
865075ef-c1b6-4f6e-bf29-9b647c22e3b9	16df761f-26e9-425e-8470-af93547d206a	4221	17-18赛季 常规赛
8650f980-38be-4fa1-80fb-d60a2801e8e2	400f5241-2d8c-4e12-8626-a2c6294e8cf2	2111	17-18赛季 常规赛
86c2184a-7111-49d9-8391-d4cba06ae4fa	c8c3ecde-68f8-41f6-b234-4354f72d3afc	4383	17-18赛季 常规赛
86fffaaf-54ab-408c-93bf-502eb8fb9d28	b519b71b-0fc6-4865-8538-5eb0849917da	4585	17-18赛季 常规赛
87d26f4a-dc5e-41cc-9399-298637a1951a	f51aea18-1681-4547-8d9f-62b026654108	4376	17-18赛季 常规赛
886101ff-26d8-4087-a170-746464b86bf8	b519b71b-0fc6-4865-8538-5eb0849917da	3672	17-18赛季 常规赛
88da3df6-f6c7-419e-b246-a6bc6462a655	468ae0b5-3be6-4137-a095-21fb1eb61519	4571	17-18赛季 常规赛
88dfb7a4-57e0-4b85-b314-f9a33a2c21a3	3ef59518-8d58-4fa6-a5cc-16eef086609e	4144	17-18赛季 常规赛
89259378-afb9-4859-b552-c0aeec078357	838ca4d6-97bc-4da0-94e7-7b682a83a56c	4607	17-18赛季 常规赛
896c55e0-2afc-488e-8399-160409568f0c	4d7c7173-30bf-4329-859e-bed49a89d003	331	17-18赛季 常规赛
89dfaea2-ef99-4471-a95c-e3cde7252e64	affda843-0e17-4851-aaec-dc4cea129b2e	4335	17-18赛季 常规赛
89f5aa17-bd97-4044-862a-c35b20ccbbce	becf503a-f452-4d40-834a-4593803ce36c	4580	17-18赛季 常规赛
89f5f386-9878-40ba-ba2b-ba565edbe4f1	f51aea18-1681-4547-8d9f-62b026654108	291	17-18赛季 常规赛
8a2d0e8b-0b75-4cbc-a24a-e8343403ebcb	89f160d8-f403-419e-b793-82915e4db48f	872	17-18赛季 常规赛
8a5b827f-5a6b-46bb-94b1-33b029820e4c	f51aea18-1681-4547-8d9f-62b026654108	4416	17-18赛季 常规赛
8ac28cf3-91f7-4bd4-98c0-f78bd38fd877	400f5241-2d8c-4e12-8626-a2c6294e8cf2	565	17-18赛季 常规赛
8ade818a-d0cf-4f51-bf15-75fa92a1fe69	1cd7fa0e-9772-47f5-9569-ce66265c3534	4597	17-18赛季 常规赛
8b7f9ddd-1ad7-4303-a59a-9eaa268f60ac	1aa7b357-2447-44bd-9f0e-b27a2eecdf1d	4444	17-18赛季 常规赛
8b8b2360-f99b-4f5e-9ba2-71df6ea07c35	d3628e5f-8172-44ce-997b-7ce4efad17b1	4591	17-18赛季 常规赛
8ba6a809-91b4-4bf3-938c-464e19d53047	3ef59518-8d58-4fa6-a5cc-16eef086609e	4506	17-18赛季 常规赛
8bac172a-4f11-4064-9e9f-d9e6e4dc600e	ddd83928-3176-4f53-9675-1fa2f7bc7057	1796	17-18赛季 常规赛
8baeb944-3063-4258-9f6a-7afab5d201aa	d0359680-2514-496e-9f33-67ba85b00fcf	4433	17-18赛季 常规赛
8bd10c53-cc9a-473b-bfff-f641c120b763	89f160d8-f403-419e-b793-82915e4db48f	4628	17-18赛季 常规赛
8bd92ff6-de32-44ea-a219-bfd1616b46cd	a2b6d70d-f5f9-4d51-8361-766c38198dfb	3366	17-18赛季 常规赛
8d776395-c2f6-4bde-9d8f-380da705838c	09e0c29b-e595-4d2b-ad94-bf730de50302	4564	17-18赛季 常规赛
8dd116ea-88f1-4454-89c5-e79c97983b15	5242f11f-456e-4dba-89a5-6de617236cf6	4090	17-18赛季 常规赛
8dd5ead2-d838-4428-b9e2-96af8a6c4281	1cd7fa0e-9772-47f5-9569-ce66265c3534	4417	17-18赛季 常规赛
8dea08a4-00bc-4f97-b28f-23e324cba567	468ae0b5-3be6-4137-a095-21fb1eb61519	4229	17-18赛季 常规赛
8e06306e-3c8a-44d6-b506-21ae5496d0a4	c8c3ecde-68f8-41f6-b234-4354f72d3afc	4406	17-18赛季 常规赛
8e433b86-5ea5-458b-8fbb-a887f0847fd4	1cd7fa0e-9772-47f5-9569-ce66265c3534	4627	17-18赛季 常规赛
8eb035fd-53cf-42e4-84f3-b405971b5a40	a2b6d70d-f5f9-4d51-8361-766c38198dfb	4034	17-18赛季 常规赛
8ebd7682-707d-4f0f-89a3-ec8d3b4d1e08	bb0a3e7e-8836-488f-87e9-80f5d044ce16	4102	17-18赛季 常规赛
8ecdfc7a-c178-4457-8bc7-5675aa420dc5	3ef59518-8d58-4fa6-a5cc-16eef086609e	2287	17-18赛季 常规赛
8f695c2d-3899-46d6-9d20-02ae35c67dbd	c2fcb6c9-63f5-454d-87c9-9977dc2fcee7	4466	17-18赛季 常规赛
8f6df7ad-c29d-4db1-b1fc-8b0c93e8befb	f51aea18-1681-4547-8d9f-62b026654108	291	17-18赛季 常规赛
8f78a106-3124-4670-aa93-b5f60fc716c0	1aa7b357-2447-44bd-9f0e-b27a2eecdf1d	4442	17-18赛季 常规赛
8f94c815-57f8-4e09-830b-81f3ad6a4670	1aa7b357-2447-44bd-9f0e-b27a2eecdf1d	4444	17-18赛季 常规赛
8f9b35c5-78a0-4453-92ed-17407bd30a68	85f42360-b442-44e1-af11-50aaf9dc6a6d	4486	17-18赛季 常规赛
8fee42c6-068f-4ad8-841e-1d80e761b3df	468ae0b5-3be6-4137-a095-21fb1eb61519	4210	17-18赛季 常规赛
8ff4d227-10da-466a-9899-c93b348824db	4d7c7173-30bf-4329-859e-bed49a89d003	4541	17-18赛季 常规赛
906b14b4-81ec-430c-b4ab-d1940e324d34	838ca4d6-97bc-4da0-94e7-7b682a83a56c	4547	17-18赛季 常规赛
90868e2a-bcab-4691-8564-90138d766d6b	c8c3ecde-68f8-41f6-b234-4354f72d3afc	4418	17-18赛季 常规赛
909a6e54-dccd-410a-9799-940812b8c0d1	becf503a-f452-4d40-834a-4593803ce36c	726	17-18赛季 常规赛
90b63621-3020-47bc-b222-0c964809ce2c	b509e1a0-1b9e-4bce-a7d2-ea403bdd5e6c	2102	17-18赛季 常规赛
911297bb-4b30-4df6-a5c0-802bc9dad5f3	838ca4d6-97bc-4da0-94e7-7b682a83a56c	4618	17-18赛季 常规赛
9172709a-926b-436b-b747-7074b8aa0a56	5242f11f-456e-4dba-89a5-6de617236cf6	4329	17-18赛季 常规赛
91740c90-57f0-4d23-bcd3-ae2f3110c913	838ca4d6-97bc-4da0-94e7-7b682a83a56c	4301	17-18赛季 常规赛
91e6a1f4-fe02-45a6-99dc-2b6e1c36ef37	4d7c7173-30bf-4329-859e-bed49a89d003	4464	17-18赛季 常规赛
920d543c-c91c-4dae-b6eb-8e0b4eb6318d	c8c3ecde-68f8-41f6-b234-4354f72d3afc	4405	17-18赛季 常规赛
921480ff-276f-4994-b6e5-187804d52500	1aa7b357-2447-44bd-9f0e-b27a2eecdf1d	4550	17-18赛季 常规赛
92f5686e-db93-4602-912f-3e87295e40cc	838ca4d6-97bc-4da0-94e7-7b682a83a56c	4581	17-18赛季 常规赛
92fa69a2-1ed5-4ecb-b385-fb2d90974e0f	5242f11f-456e-4dba-89a5-6de617236cf6	4298	17-18赛季 常规赛
9316fd37-7f0b-41f5-86ad-bfb34f84fa83	becf503a-f452-4d40-834a-4593803ce36c	4385	17-18赛季 常规赛
9322d186-33db-4121-9b94-434fea037129	16df761f-26e9-425e-8470-af93547d206a	4554	17-18赛季 常规赛
93752d7e-b43f-447a-92e7-6391c3129aab	1cd7fa0e-9772-47f5-9569-ce66265c3534	4650	17-18赛季 常规赛
93b2366e-bbf8-469c-a037-a1a616f4e384	affda843-0e17-4851-aaec-dc4cea129b2e	3523	17-18赛季 常规赛
947f5bda-e032-4549-80be-ea475cb33055	16df761f-26e9-425e-8470-af93547d206a	2287	17-18赛季 常规赛
94f25dfe-ee9b-436e-bd8a-fcd9119c6896	1aa7b357-2447-44bd-9f0e-b27a2eecdf1d	4490	17-18赛季 常规赛
9581b659-314f-4134-af81-6c99372b9d42	215e4b49-aecd-4508-afa9-05a77cccbeb3	4241	17-18赛季 常规赛
95f982fa-86cd-4f97-85ce-cd9fb3c30133	d51b9f06-cba9-47d0-8c58-7ee620e5c92b	4554	17-18赛季 常规赛
960308b1-fe64-4679-b9f1-127766c7b5b1	b509e1a0-1b9e-4bce-a7d2-ea403bdd5e6c	2102	17-18赛季 常规赛
9644da5b-cc34-4f04-bc16-afde70a5035e	bb0a3e7e-8836-488f-87e9-80f5d044ce16	4592	17-18赛季 常规赛
966915c2-778f-4ae7-84b0-0b3d53ab5f63	affda843-0e17-4851-aaec-dc4cea129b2e	4485	17-18赛季 常规赛
966cd567-ce9a-4a14-a636-cb47650bace7	85f42360-b442-44e1-af11-50aaf9dc6a6d	4297	17-18赛季 常规赛
96ac867e-9ff2-47b5-af8a-dcf1feef2d6d	838ca4d6-97bc-4da0-94e7-7b682a83a56c	4646	17-18赛季 常规赛
96bab0d7-3f52-4407-b651-07570c1e2d43	3ef59518-8d58-4fa6-a5cc-16eef086609e	4614	17-18赛季 常规赛
96ed828d-94ae-49f5-baaf-b6f64995fc3a	400f5241-2d8c-4e12-8626-a2c6294e8cf2	88	17-18赛季 常规赛
971ea54a-fee9-4589-b240-472839ca9f40	1cd7fa0e-9772-47f5-9569-ce66265c3534	4459	17-18赛季 常规赛
971eb2e5-1077-453c-af99-22f559b5092a	838ca4d6-97bc-4da0-94e7-7b682a83a56c	4618	17-18赛季 常规赛
97463c23-d01f-4605-9160-b2cc06953fd0	c4b7d7fd-b4f8-4fdb-b105-52f5c3089ce3	2602	17-18赛季 常规赛
975ec47b-a0a7-4068-aa50-e719db94c934	d3628e5f-8172-44ce-997b-7ce4efad17b1	4291	17-18赛季 常规赛
97681033-31fd-414f-b7a2-24f76316e21f	4d7c7173-30bf-4329-859e-bed49a89d003	4463	17-18赛季 常规赛
977bc51c-4c41-4d00-9a85-d790889be335	c4b7d7fd-b4f8-4fdb-b105-52f5c3089ce3	4440	17-18赛季 常规赛
979c7a88-b486-4ac6-84e7-8e712263c90b	838ca4d6-97bc-4da0-94e7-7b682a83a56c	4646	17-18赛季 常规赛
97a814cc-7ef6-4566-93b8-1cef16249cc1	bb0a3e7e-8836-488f-87e9-80f5d044ce16	4496	17-18赛季 常规赛
97c61152-1ee4-4694-94b0-bcbbabc870bc	b519b71b-0fc6-4865-8538-5eb0849917da	4363	17-18赛季 常规赛
97ef333c-f925-469e-acf2-fd637bf8dc1f	09e0c29b-e595-4d2b-ad94-bf730de50302	1164	17-18赛季 常规赛
98176792-b09f-47d9-8b93-a3b0de467ef4	becf503a-f452-4d40-834a-4593803ce36c	4370	17-18赛季 常规赛
9875ab22-9b8d-436e-a517-10817aa6bfd5	a2b6d70d-f5f9-4d51-8361-766c38198dfb	1501	17-18赛季 常规赛
98aa8468-93ad-4497-b57f-a484b702c2be	4d7c7173-30bf-4329-859e-bed49a89d003	3085	17-18赛季 常规赛
98b06b36-cb54-473b-8470-b857335bf722	c4b7d7fd-b4f8-4fdb-b105-52f5c3089ce3	4301	17-18赛季 常规赛
98d5bdf1-032c-4c93-b4f5-5376dfff3c89	b519b71b-0fc6-4865-8538-5eb0849917da	4645	17-18赛季 常规赛
9943abaf-21ec-4f5d-bfc9-52fdfdda1804	a2b6d70d-f5f9-4d51-8361-766c38198dfb	1501	17-18赛季 常规赛
99f1f0e3-87fb-479e-81dc-3b08d10b6f3d	89f160d8-f403-419e-b793-82915e4db48f	4468	17-18赛季 常规赛
9a05755b-bf10-4d87-ab79-64eddc4db0c0	b509e1a0-1b9e-4bce-a7d2-ea403bdd5e6c	3587	17-18赛季 常规赛
9a34016f-93cf-45e5-b11d-c94b2944bb7c	d0359680-2514-496e-9f33-67ba85b00fcf	4118	17-18赛季 常规赛
9a5319b4-f1a8-4bc8-9527-b350c3f99c58	d0359680-2514-496e-9f33-67ba85b00fcf	4289	17-18赛季 常规赛
9a5dd6da-179f-46a4-9363-381548310cb0	c2fcb6c9-63f5-454d-87c9-9977dc2fcee7	22	17-18赛季 常规赛
9a5dde27-cb1f-4593-9aaa-b3ce5dc5524c	c2fcb6c9-63f5-454d-87c9-9977dc2fcee7	4498	17-18赛季 常规赛
9a9213d2-4412-4822-a2dd-b09720fdbfe4	1cd7fa0e-9772-47f5-9569-ce66265c3534	4612	17-18赛季 常规赛
9ad06bde-7404-4043-acc1-75733cf359c2	838ca4d6-97bc-4da0-94e7-7b682a83a56c	1602	17-18赛季 常规赛
9ae28d92-2117-4af5-8663-85245ff6487c	affda843-0e17-4851-aaec-dc4cea129b2e	1505	17-18赛季 常规赛
9b45a3d1-5d52-4f47-9181-9b141406e9de	09e0c29b-e595-4d2b-ad94-bf730de50302	2869	17-18赛季 常规赛
9b630561-0988-4890-b75c-cc5cdb017eb7	1aa7b357-2447-44bd-9f0e-b27a2eecdf1d	2319	17-18赛季 常规赛
9b6f9f45-9a02-41e5-9b7a-4d25cf98386e	b519b71b-0fc6-4865-8538-5eb0849917da	4617	17-18赛季 常规赛
9b90b203-20ba-4ac3-a7aa-51901e454a42	becf503a-f452-4d40-834a-4593803ce36c	331	17-18赛季 常规赛
9c0b2cb6-e02f-421b-a99e-d5c6539faed7	16df761f-26e9-425e-8470-af93547d206a	4583	17-18赛季 常规赛
9c3bbf9c-f200-40c3-837c-62eecdd487b4	bb0a3e7e-8836-488f-87e9-80f5d044ce16	4593	17-18赛季 常规赛
9c52e0e4-5f94-448b-bbff-3b8862d2b6f7	1aa7b357-2447-44bd-9f0e-b27a2eecdf1d	104	17-18赛季 常规赛
9cb022f5-5a91-4762-8b11-4f3b96db8422	c4b7d7fd-b4f8-4fdb-b105-52f5c3089ce3	1899	17-18赛季 常规赛
9cf37fae-aece-4b47-a7e3-9163c0921edb	b519b71b-0fc6-4865-8538-5eb0849917da	4283	17-18赛季 常规赛
9d09733b-96e3-4692-8e27-885271a9b73f	c4b7d7fd-b4f8-4fdb-b105-52f5c3089ce3	4563	17-18赛季 常规赛
9d12b29e-f0c1-43da-9636-7c90e7b41d51	89f160d8-f403-419e-b793-82915e4db48f	4628	17-18赛季 常规赛
9debe209-45a1-4c5d-a738-0e71789112d3	b519b71b-0fc6-4865-8538-5eb0849917da	4617	17-18赛季 常规赛
9e29b7ad-b19d-4a0b-b8e1-d672793bc5f2	bb0a3e7e-8836-488f-87e9-80f5d044ce16	4102	17-18赛季 常规赛
9e31177c-7a11-4604-92da-95343449c6af	4d7c7173-30bf-4329-859e-bed49a89d003	3085	17-18赛季 常规赛
9e3f6b93-9724-4532-ab6d-3e1736462728	3ef59518-8d58-4fa6-a5cc-16eef086609e	3356	17-18赛季 常规赛
9e5243c5-d495-4202-9336-f9db0ebf6afb	affda843-0e17-4851-aaec-dc4cea129b2e	4501	17-18赛季 常规赛
9eb23710-b487-4e9d-9c38-87773b1b0d69	85f42360-b442-44e1-af11-50aaf9dc6a6d	4416	17-18赛季 常规赛
9f51c9e7-4bdd-4f99-a2dc-dc98af2e36d1	c2fcb6c9-63f5-454d-87c9-9977dc2fcee7	4201	17-18赛季 常规赛
9f55fd47-7748-4ea7-9187-0b3316fbdf73	bb0a3e7e-8836-488f-87e9-80f5d044ce16	4091	17-18赛季 常规赛
9fea07bf-99f4-418c-aaa6-148a6eac311f	400f5241-2d8c-4e12-8626-a2c6294e8cf2	538	17-18赛季 常规赛
a0022ebf-594f-4f44-9f71-dc5c50453496	5242f11f-456e-4dba-89a5-6de617236cf6	931	17-18赛季 常规赛
a06db71c-7b84-4630-8be4-539e0a0c1914	838ca4d6-97bc-4da0-94e7-7b682a83a56c	4448	17-18赛季 常规赛
a076004e-49f8-4d9a-a07f-b61462e2f4ba	b509e1a0-1b9e-4bce-a7d2-ea403bdd5e6c	4085	17-18赛季 常规赛
a09329ae-ce3a-40f5-b5c3-4571b6340fb3	a2b6d70d-f5f9-4d51-8361-766c38198dfb	2834	17-18赛季 常规赛
a0d62a38-74b3-442f-9541-b2a47d7875e4	a2b6d70d-f5f9-4d51-8361-766c38198dfb	4288	17-18赛季 常规赛
a145f341-9feb-4933-97f2-5453789e5817	400f5241-2d8c-4e12-8626-a2c6294e8cf2	2703	17-18赛季 常规赛
a1c27b57-20fd-40c3-9d30-094d83124612	c4b7d7fd-b4f8-4fdb-b105-52f5c3089ce3	4301	17-18赛季 常规赛
a2720efe-3d62-443a-a643-c2cf0244fa2d	215e4b49-aecd-4508-afa9-05a77cccbeb3	1329	17-18赛季 常规赛
a29136d6-7bc8-4b34-8160-dc24f2aabbbf	85f42360-b442-44e1-af11-50aaf9dc6a6d	1879	17-18赛季 常规赛
a295ca83-6dd6-4d4f-99ff-f5718701a012	a2b6d70d-f5f9-4d51-8361-766c38198dfb	4409	17-18赛季 常规赛
a29c55ee-7e94-490f-9f1a-b2ec9da350ca	affda843-0e17-4851-aaec-dc4cea129b2e	4654	17-18赛季 常规赛
a29f3ce8-7559-4104-bbf4-a8d2bc40ba3d	3ef59518-8d58-4fa6-a5cc-16eef086609e	4574	17-18赛季 常规赛
a2dc570b-a37f-4ac3-8e5d-d29a1d987738	1cd7fa0e-9772-47f5-9569-ce66265c3534	4597	17-18赛季 常规赛
a2e04a92-7b58-49ed-a119-8a3f62c077a7	a2b6d70d-f5f9-4d51-8361-766c38198dfb	4034	17-18赛季 常规赛
a340c384-2b6b-4618-a2d5-2ae5d479f3f1	89f160d8-f403-419e-b793-82915e4db48f	4211	17-18赛季 常规赛
a35215ce-2dac-4253-a5b7-f9ef59bd63d4	468ae0b5-3be6-4137-a095-21fb1eb61519	4545	17-18赛季 常规赛
a3a9a750-c449-4f2b-a069-effd197b63a0	b519b71b-0fc6-4865-8538-5eb0849917da	3672	17-18赛季 常规赛
a3db9886-2a18-4882-8afb-bec7a9f2d0a8	affda843-0e17-4851-aaec-dc4cea129b2e	1291	17-18赛季 常规赛
a3e0b689-d4e2-446e-8c9f-1f56b26a0ab5	b519b71b-0fc6-4865-8538-5eb0849917da	4070	17-18赛季 常规赛
a4411caf-7977-42b2-aeac-cc49dd1aa6c7	16df761f-26e9-425e-8470-af93547d206a	4505	17-18赛季 常规赛
a44e4e9d-f9f2-48d3-9a6d-62e4189663f8	09e0c29b-e595-4d2b-ad94-bf730de50302	4435	17-18赛季 常规赛
a471422b-c872-4506-9a65-56de8e355e12	400f5241-2d8c-4e12-8626-a2c6294e8cf2	4078	17-18赛季 常规赛
a4f33cea-5923-4dc3-8c74-9356ae3de41a	468ae0b5-3be6-4137-a095-21fb1eb61519	4546	17-18赛季 常规赛
a59dbf30-8036-4693-aa95-58b4448c5985	b519b71b-0fc6-4865-8538-5eb0849917da	4385	17-18赛季 常规赛
a5e2df5a-c4e7-4ebb-ae1d-ca65e7da491f	215e4b49-aecd-4508-afa9-05a77cccbeb3	2961	17-18赛季 常规赛
a609ca8d-5988-402f-9f91-09aa0433e587	becf503a-f452-4d40-834a-4593803ce36c	4623	17-18赛季 常规赛
a614a1d7-a7b1-46ea-aefe-36e95e75fb69	a2b6d70d-f5f9-4d51-8361-766c38198dfb	1933	17-18赛季 常规赛
a6248633-b266-481f-bed3-550ab800404a	f51aea18-1681-4547-8d9f-62b026654108	4519	17-18赛季 常规赛
a6678e5e-1b27-4576-9e2b-078f53f8f498	09e0c29b-e595-4d2b-ad94-bf730de50302	264	17-18赛季 常规赛
a6e30f0a-b1a8-4c17-88ed-b3acc5a50938	c2fcb6c9-63f5-454d-87c9-9977dc2fcee7	4611	17-18赛季 常规赛
a7469742-c4b6-4cab-acda-4c9d44ce6246	d3628e5f-8172-44ce-997b-7ce4efad17b1	3110	17-18赛季 常规赛
a769ea12-6e90-4a78-ab60-9091dbff634c	c2fcb6c9-63f5-454d-87c9-9977dc2fcee7	4374	17-18赛季 常规赛
a79a0854-91bb-4b63-925b-d510ef26f036	bb0a3e7e-8836-488f-87e9-80f5d044ce16	4535	17-18赛季 常规赛
a7adb7ac-91f0-4d09-ad3a-e51b5fbb38ca	ddd83928-3176-4f53-9675-1fa2f7bc7057	3669	17-18赛季 常规赛
a7fc444c-73b2-4ba1-805d-d436b4ab973f	89f160d8-f403-419e-b793-82915e4db48f	4503	17-18赛季 常规赛
a83ed758-ae11-44aa-8835-62266713b128	215e4b49-aecd-4508-afa9-05a77cccbeb3	567	17-18赛季 常规赛
a846be7c-c1b7-49cb-9dec-6e1ecda15a74	1aa7b357-2447-44bd-9f0e-b27a2eecdf1d	104	17-18赛季 常规赛
a88b6578-6c2d-40a3-8c04-c2d9575cdea1	d51b9f06-cba9-47d0-8c58-7ee620e5c92b	4161	17-18赛季 常规赛
a94e53d9-6e92-4484-b03d-3afa482ecc20	d0359680-2514-496e-9f33-67ba85b00fcf	3629	17-18赛季 常规赛
a94ecab2-cc26-4e1a-a8f7-36d509ef4fc4	b519b71b-0fc6-4865-8538-5eb0849917da	4343	17-18赛季 常规赛
a95898b4-8d09-4242-b8cb-1cf51c3c8a21	d3628e5f-8172-44ce-997b-7ce4efad17b1	4556	17-18赛季 常规赛
a988b92a-7c91-4d4e-aa65-9eba3e2cf429	3ef59518-8d58-4fa6-a5cc-16eef086609e	4532	17-18赛季 常规赛
a9ae007f-c7f6-45f2-a788-af0243b95ed2	c4b7d7fd-b4f8-4fdb-b105-52f5c3089ce3	4382	17-18赛季 常规赛
a9bc3627-4e17-42d6-8db7-844e3ad49e07	4d7c7173-30bf-4329-859e-bed49a89d003	445	17-18赛季 常规赛
a9bd4fba-97a5-454b-bc0e-9c8ca0c99399	1cd7fa0e-9772-47f5-9569-ce66265c3534	4519	17-18赛季 常规赛
aa2b4b5d-3c15-4969-8fdd-1f77dc052ef9	a2b6d70d-f5f9-4d51-8361-766c38198dfb	3581	17-18赛季 常规赛
aac643a4-113e-4b07-8fcd-55dd11a09d6f	1aa7b357-2447-44bd-9f0e-b27a2eecdf1d	1247	17-18赛季 常规赛
ab1df856-8a08-4067-8ccf-73f8f75061c3	becf503a-f452-4d40-834a-4593803ce36c	4511	17-18赛季 常规赛
abe4a4ac-2ca1-4e3e-abf9-b0f8c0e91a07	d51b9f06-cba9-47d0-8c58-7ee620e5c92b	4517	17-18赛季 常规赛
ac290f46-dcd7-4dfb-b4cc-581d4e302927	affda843-0e17-4851-aaec-dc4cea129b2e	4320	17-18赛季 常规赛
ac6b432a-66a8-410f-b30f-026ee7e2bb31	4d7c7173-30bf-4329-859e-bed49a89d003	4463	17-18赛季 常规赛
aca49a9c-c3f3-46c2-9698-e1889bcfe9ed	16df761f-26e9-425e-8470-af93547d206a	4505	17-18赛季 常规赛
accd0e51-8d4e-4a03-a2b1-9077ed2edd1c	400f5241-2d8c-4e12-8626-a2c6294e8cf2	3284	17-18赛季 常规赛
ad08dfb2-dec1-4a16-a2f4-f159912f271d	215e4b49-aecd-4508-afa9-05a77cccbeb3	4400	17-18赛季 常规赛
adb27ef2-1f07-4864-8149-1d40dd851246	c2fcb6c9-63f5-454d-87c9-9977dc2fcee7	4466	17-18赛季 常规赛
adc486a8-3d89-4718-8f4a-09bdda8af829	85f42360-b442-44e1-af11-50aaf9dc6a6d	4346	17-18赛季 常规赛
adef30a4-aa8c-4b1d-acfa-3299063eedd1	b519b71b-0fc6-4865-8538-5eb0849917da	376	17-18赛季 常规赛
ae7301b4-9e1e-464f-9bda-bcb62d32f074	affda843-0e17-4851-aaec-dc4cea129b2e	36	17-18赛季 常规赛
ae762977-df10-4927-ae96-825884ae062b	d3628e5f-8172-44ce-997b-7ce4efad17b1	1501	17-18赛季 常规赛
aebd3bee-2c1c-4f67-bcb7-925792c983b0	5242f11f-456e-4dba-89a5-6de617236cf6	4223	17-18赛季 常规赛
aec939a2-b8d2-4492-9652-ea52b5728761	bb0a3e7e-8836-488f-87e9-80f5d044ce16	3179	17-18赛季 常规赛
aee8ea87-1240-4626-879b-b184bcffa25f	affda843-0e17-4851-aaec-dc4cea129b2e	3735	17-18赛季 常规赛
aeecc2e6-eb75-420f-88a1-f26e8296ce25	16df761f-26e9-425e-8470-af93547d206a	358	17-18赛季 常规赛
af239350-5215-42fb-b6a3-282f532bb7b5	d51b9f06-cba9-47d0-8c58-7ee620e5c92b	4621	17-18赛季 常规赛
af3c6be1-ee17-4b12-b80f-48b3713c1f7b	d0359680-2514-496e-9f33-67ba85b00fcf	2111	17-18赛季 常规赛
af60ecfc-f77f-4fff-8738-2297e279225e	5242f11f-456e-4dba-89a5-6de617236cf6	4572	17-18赛季 常规赛
af6e2b94-96b4-4d76-afd8-a4f0aedf7214	d51b9f06-cba9-47d0-8c58-7ee620e5c92b	4347	17-18赛季 常规赛
af834f61-c4cb-4a90-b17d-e92b67d6da80	400f5241-2d8c-4e12-8626-a2c6294e8cf2	4299	17-18赛季 常规赛
afdeaa5c-2d39-4669-9f4c-6e01f2f925a2	b519b71b-0fc6-4865-8538-5eb0849917da	4069	17-18赛季 常规赛
affd76d7-bce1-42f5-a6b2-251f29f8545e	affda843-0e17-4851-aaec-dc4cea129b2e	1796	17-18赛季 常规赛
b04d7542-c08c-45ce-b8c3-57341c64dc4f	ddd83928-3176-4f53-9675-1fa2f7bc7057	4548	17-18赛季 常规赛
b06d349a-91c6-4982-994e-ecc295873fbf	4d7c7173-30bf-4329-859e-bed49a89d003	421	17-18赛季 常规赛
b071c609-5088-4e31-a4e5-a7e0ffc565b6	16df761f-26e9-425e-8470-af93547d206a	796	17-18赛季 常规赛
b07ec145-3b64-4114-b800-2480b5e73383	85f42360-b442-44e1-af11-50aaf9dc6a6d	2631	17-18赛季 常规赛
b09a03bd-527b-4a10-bd81-0d3cab491624	4d7c7173-30bf-4329-859e-bed49a89d003	4464	17-18赛季 常规赛
b10208af-bde8-4ef7-8d92-3e0beae6beb2	ddd83928-3176-4f53-9675-1fa2f7bc7057	2936	17-18赛季 常规赛
b1756e1d-c6f4-440c-8279-73eeea26653a	a2b6d70d-f5f9-4d51-8361-766c38198dfb	1862	17-18赛季 常规赛
b1f7ba64-74d2-47d9-98aa-f36c0a2e3d77	b519b71b-0fc6-4865-8538-5eb0849917da	2571	17-18赛季 常规赛
b270b79b-1c95-4957-95d3-ee36db6d5648	becf503a-f452-4d40-834a-4593803ce36c	4194	17-18赛季 常规赛
b2d86116-c3b4-44e9-99d0-0a26b14ac9a8	b509e1a0-1b9e-4bce-a7d2-ea403bdd5e6c	4648	17-18赛季 常规赛
b2db7b60-b8c5-4ddc-9b53-aab8fb28a712	c2fcb6c9-63f5-454d-87c9-9977dc2fcee7	1183	17-18赛季 常规赛
b383b486-d2e9-4da4-b049-0afcc25fc605	ddd83928-3176-4f53-9675-1fa2f7bc7057	4633	17-18赛季 常规赛
b396ea0e-1116-4d97-b671-9604313ee15f	09e0c29b-e595-4d2b-ad94-bf730de50302	4606	17-18赛季 常规赛
b443133e-9b5a-4e28-8bc4-90ba20f86f9c	16df761f-26e9-425e-8470-af93547d206a	4471	17-18赛季 常规赛
b45bede2-e69e-424c-a606-c1d12bc53f2f	c8c3ecde-68f8-41f6-b234-4354f72d3afc	4418	17-18赛季 常规赛
b463a68f-91a6-45e9-928c-940d92e166b9	3ef59518-8d58-4fa6-a5cc-16eef086609e	4418	17-18赛季 常规赛
b4a62d92-7d47-4a47-98e2-3a876ad0b5f1	becf503a-f452-4d40-834a-4593803ce36c	4596	17-18赛季 常规赛
b4bb89c3-3791-4d33-9aa0-bb56b8b718c9	400f5241-2d8c-4e12-8626-a2c6294e8cf2	4155	17-18赛季 常规赛
b4e3efe3-87b9-443a-bc7a-dbc3449c7019	c4b7d7fd-b4f8-4fdb-b105-52f5c3089ce3	4374	17-18赛季 常规赛
b534919e-3792-4690-b4ef-2caecdfef893	c4b7d7fd-b4f8-4fdb-b105-52f5c3089ce3	2155	17-18赛季 常规赛
b59db2fe-b008-46a1-a89d-18e2acf28a7e	ddd83928-3176-4f53-9675-1fa2f7bc7057	4179	17-18赛季 常规赛
b5df02c2-682d-4c46-b1e7-1808ba66dd5f	d0359680-2514-496e-9f33-67ba85b00fcf	4065	17-18赛季 常规赛
b6019e9b-e5e6-4165-991f-263dc65f26ef	affda843-0e17-4851-aaec-dc4cea129b2e	4407	17-18赛季 常规赛
b63d233d-88b2-4e93-b624-4f9e51713d43	ddd83928-3176-4f53-9675-1fa2f7bc7057	4305	17-18赛季 常规赛
b73cb920-539e-4bea-aae2-0d6920670d12	4d7c7173-30bf-4329-859e-bed49a89d003	4225	17-18赛季 常规赛
b7702011-c279-4b92-b353-1e21ed5fab28	b509e1a0-1b9e-4bce-a7d2-ea403bdd5e6c	3928	17-18赛季 常规赛
b774406b-90fc-4331-a5b1-c72e62f21fb2	1aa7b357-2447-44bd-9f0e-b27a2eecdf1d	1247	17-18赛季 常规赛
b7890745-de03-4d59-bf81-991e7de7261a	16df761f-26e9-425e-8470-af93547d206a	4230	17-18赛季 常规赛
b78931f8-2940-4eb3-a952-3d007807474c	d3628e5f-8172-44ce-997b-7ce4efad17b1	713	17-18赛季 常规赛
b7f3136e-a2b2-41bd-949e-118fe47bf51c	d51b9f06-cba9-47d0-8c58-7ee620e5c92b	4408	17-18赛季 常规赛
b81dc855-d5fe-4116-87d3-1465d2e46a86	838ca4d6-97bc-4da0-94e7-7b682a83a56c	4587	17-18赛季 常规赛
b82235f0-f44e-44b1-b982-0c1ef9445682	4d7c7173-30bf-4329-859e-bed49a89d003	421	17-18赛季 常规赛
b8378357-239e-4843-951a-5065a207505e	16df761f-26e9-425e-8470-af93547d206a	796	17-18赛季 常规赛
b852723f-884c-42b9-8fa4-daaf1384f258	4d7c7173-30bf-4329-859e-bed49a89d003	1697	17-18赛季 常规赛
b8897bf7-b380-4229-bb17-455970222ccb	4d7c7173-30bf-4329-859e-bed49a89d003	1830	17-18赛季 常规赛
b95e6d73-e558-46bf-bb98-f17aa9039437	468ae0b5-3be6-4137-a095-21fb1eb61519	4447	17-18赛季 常规赛
b9ffc2a2-bb87-40ed-8f3d-f58e70d5d76d	d0359680-2514-496e-9f33-67ba85b00fcf	4433	17-18赛季 常规赛
ba2ab2f5-fcca-4e2a-a5dc-5781eac5f88b	85f42360-b442-44e1-af11-50aaf9dc6a6d	4632	17-18赛季 常规赛
ba333faa-7169-40d7-bb36-9dd4950d33e8	b519b71b-0fc6-4865-8538-5eb0849917da	376	17-18赛季 常规赛
ba70ee4f-c500-4031-9ea2-8806e67015a4	bb0a3e7e-8836-488f-87e9-80f5d044ce16	4536	17-18赛季 常规赛
bac1f7e1-4d6d-4567-84a8-d4dd7c86fbc2	d51b9f06-cba9-47d0-8c58-7ee620e5c92b	1021	17-18赛季 常规赛
bb0ea498-836d-4df8-8152-9b9b449905d4	3ef59518-8d58-4fa6-a5cc-16eef086609e	4506	17-18赛季 常规赛
bb38a240-e88c-4796-8667-114757a56f14	468ae0b5-3be6-4137-a095-21fb1eb61519	4477	17-18赛季 常规赛
bb5ca48f-8486-4f66-9992-2b5f14915ed9	1cd7fa0e-9772-47f5-9569-ce66265c3534	4417	17-18赛季 常规赛
bb68a8b4-4a1e-4231-8fde-acf72d64320a	5242f11f-456e-4dba-89a5-6de617236cf6	4123	17-18赛季 常规赛
bb74177f-db97-412d-abb5-39b9d3689031	d0359680-2514-496e-9f33-67ba85b00fcf	4455	17-18赛季 常规赛
bbbbbadb-4997-497f-8ea8-ff48a264ab29	f51aea18-1681-4547-8d9f-62b026654108	4625	17-18赛季 常规赛
bc09d9fa-187e-4526-b39e-1bf001720b56	09e0c29b-e595-4d2b-ad94-bf730de50302	1164	17-18赛季 常规赛
bcee264d-e4ac-4fc9-82ea-152a1a05d4df	b509e1a0-1b9e-4bce-a7d2-ea403bdd5e6c	4085	17-18赛季 常规赛
bd06c427-d61c-468f-9d95-578514698e06	838ca4d6-97bc-4da0-94e7-7b682a83a56c	4386	17-18赛季 常规赛
bd0f3922-33d7-401f-9413-746ccf63aae2	c8c3ecde-68f8-41f6-b234-4354f72d3afc	2777	17-18赛季 常规赛
bd631884-0135-4468-84c8-558791b58766	468ae0b5-3be6-4137-a095-21fb1eb61519	4115	17-18赛季 常规赛
bda08c6a-e153-4e56-afc4-a7157948de6c	ddd83928-3176-4f53-9675-1fa2f7bc7057	4304	17-18赛季 常规赛
bdbc84b7-cf62-4260-ad47-c5125b2958ae	5242f11f-456e-4dba-89a5-6de617236cf6	4090	17-18赛季 常规赛
bdc32c9c-a1d6-4314-b553-a48b7fc22009	85f42360-b442-44e1-af11-50aaf9dc6a6d	4157	17-18赛季 常规赛
be33e7ef-88d6-4b69-9106-264fbfe16ae7	1cd7fa0e-9772-47f5-9569-ce66265c3534	2877	17-18赛季 常规赛
be4051b5-4650-4fd6-9340-7f931f14ed56	09e0c29b-e595-4d2b-ad94-bf730de50302	4606	17-18赛季 常规赛
be4f7754-89e1-478f-9462-dcbf7ec776dc	a2b6d70d-f5f9-4d51-8361-766c38198dfb	4305	17-18赛季 常规赛
bf19ba5d-ee03-44f3-bc77-143274ae909c	affda843-0e17-4851-aaec-dc4cea129b2e	1505	17-18赛季 常规赛
bf4188cc-8f19-4c5e-b372-54cba3d5fec1	becf503a-f452-4d40-834a-4593803ce36c	4393	17-18赛季 常规赛
bfcbb7d2-c5e8-4d23-a2fa-77478e78e795	becf503a-f452-4d40-834a-4593803ce36c	4580	17-18赛季 常规赛
c008d14b-0250-481a-be58-1b98fc82a116	d51b9f06-cba9-47d0-8c58-7ee620e5c92b	4601	17-18赛季 常规赛
c0226838-21c3-4f01-a9f2-5f7c814a7c39	b509e1a0-1b9e-4bce-a7d2-ea403bdd5e6c	2908	17-18赛季 常规赛
c02467c6-5209-497f-b940-f64b55c30652	85f42360-b442-44e1-af11-50aaf9dc6a6d	4336	17-18赛季 常规赛
c0259196-08b6-4711-b0da-63365a77b563	b509e1a0-1b9e-4bce-a7d2-ea403bdd5e6c	4512	17-18赛季 常规赛
c02bdc53-f0a0-44f4-a665-f84fe28e3874	5242f11f-456e-4dba-89a5-6de617236cf6	3515	17-18赛季 常规赛
c04f3934-9308-4919-9b8d-8f34afd5519b	ddd83928-3176-4f53-9675-1fa2f7bc7057	1796	17-18赛季 常规赛
c0527a3f-a5ae-41c0-94c4-502dc5355b72	400f5241-2d8c-4e12-8626-a2c6294e8cf2	575	17-18赛季 常规赛
c088ee6a-7829-4ec6-a25c-7c83d791801c	affda843-0e17-4851-aaec-dc4cea129b2e	4335	17-18赛季 常规赛
c09be6b9-1070-4c17-a0f9-3e43cbf3ddb9	d0359680-2514-496e-9f33-67ba85b00fcf	4577	17-18赛季 常规赛
c0dda85e-e6ca-4cd0-bdf9-5acfa43afd0d	838ca4d6-97bc-4da0-94e7-7b682a83a56c	2487	17-18赛季 常规赛
c1258f94-10c9-45c0-b1af-fd4cd11a34fd	1cd7fa0e-9772-47f5-9569-ce66265c3534	4096	17-18赛季 常规赛
c198338d-5848-4554-aabc-53429937af79	89f160d8-f403-419e-b793-82915e4db48f	4068	17-18赛季 常规赛
c19fa6a9-efda-4917-9c6e-cdebebebdd74	3ef59518-8d58-4fa6-a5cc-16eef086609e	4418	17-18赛季 常规赛
c1c711fe-16e0-4adc-ac31-891cdef618bd	a2b6d70d-f5f9-4d51-8361-766c38198dfb	4576	17-18赛季 常规赛
c1ccee5e-581e-43bc-baf8-e6868ff19e63	c8c3ecde-68f8-41f6-b234-4354f72d3afc	4486	17-18赛季 常规赛
c1d9781c-c5aa-4c72-898b-18eb44dd8aa7	b509e1a0-1b9e-4bce-a7d2-ea403bdd5e6c	779	17-18赛季 常规赛
c21a8456-b7aa-4c02-9e15-d624ab21b2cb	400f5241-2d8c-4e12-8626-a2c6294e8cf2	20	17-18赛季 常规赛
c241b370-24f7-4b78-97e6-1d3e2c2be06a	1cd7fa0e-9772-47f5-9569-ce66265c3534	4650	17-18赛季 常规赛
c2bd599a-b904-402f-92bd-53ff2660052c	d0359680-2514-496e-9f33-67ba85b00fcf	4168	17-18赛季 常规赛
c2d54afb-669a-47fd-8e00-6e8940c4d279	c4b7d7fd-b4f8-4fdb-b105-52f5c3089ce3	4562	17-18赛季 常规赛
c40b0a71-46e7-4168-ab7a-98b88a0c63e1	affda843-0e17-4851-aaec-dc4cea129b2e	2864	17-18赛季 常规赛
c4870ad5-2d0a-4b3a-a900-000f9284855e	b509e1a0-1b9e-4bce-a7d2-ea403bdd5e6c	4445	17-18赛季 常规赛
c4abaa5e-26da-457a-81e5-754266316570	1aa7b357-2447-44bd-9f0e-b27a2eecdf1d	4415	17-18赛季 常规赛
c508cf49-a155-4922-ab18-c11ea4ebb7f6	d0359680-2514-496e-9f33-67ba85b00fcf	4289	17-18赛季 常规赛
c5164e0e-23ac-4e42-be3a-cc10ba33409e	85f42360-b442-44e1-af11-50aaf9dc6a6d	2129	17-18赛季 常规赛
c5594456-4c2c-48dd-b7b8-359fdcc64314	3ef59518-8d58-4fa6-a5cc-16eef086609e	4574	17-18赛季 常规赛
c5786c7a-3db7-4ff8-852c-16bc0185ccd0	affda843-0e17-4851-aaec-dc4cea129b2e	4320	17-18赛季 常规赛
c5798145-d574-4cbb-b117-0a6953ba3d42	ddd83928-3176-4f53-9675-1fa2f7bc7057	4548	17-18赛季 常规赛
c57cd821-1e51-4106-abe6-cfba55fd93b9	d3628e5f-8172-44ce-997b-7ce4efad17b1	4555	17-18赛季 常规赛
c59e3abf-0e7c-40ca-a4be-10ea30981178	affda843-0e17-4851-aaec-dc4cea129b2e	3735	17-18赛季 常规赛
c5ad0b47-0c80-419c-a2fb-83ae3aadcda0	400f5241-2d8c-4e12-8626-a2c6294e8cf2	4489	17-18赛季 常规赛
c5d2ade9-af4a-4615-92d0-d34c9151b430	d51b9f06-cba9-47d0-8c58-7ee620e5c92b	4372	17-18赛季 常规赛
c662437b-5e76-4b08-aba9-ed3ecec4fe9d	c8c3ecde-68f8-41f6-b234-4354f72d3afc	4557	17-18赛季 常规赛
c68175b4-e632-4cad-9612-c18be3cb4b28	215e4b49-aecd-4508-afa9-05a77cccbeb3	2961	17-18赛季 常规赛
c6909196-4a9b-4407-9472-3db11cd9409a	bb0a3e7e-8836-488f-87e9-80f5d044ce16	1437	17-18赛季 常规赛
c6bcf49f-7a40-433c-9d19-b04bd557fdc3	d0359680-2514-496e-9f33-67ba85b00fcf	4191	17-18赛季 常规赛
c6f749bd-2144-4e7a-af70-14980e590969	85f42360-b442-44e1-af11-50aaf9dc6a6d	4346	17-18赛季 常规赛
c751ccb2-4960-4e91-99cf-d8ab7f5c11ea	838ca4d6-97bc-4da0-94e7-7b682a83a56c	4239	17-18赛季 常规赛
c7730433-ce8f-45b9-9c46-5b5c524c8ce6	d3628e5f-8172-44ce-997b-7ce4efad17b1	4628	17-18赛季 常规赛
c77c3ec2-da8b-405e-8d75-ff4dfbe3a1d7	f51aea18-1681-4547-8d9f-62b026654108	1772	17-18赛季 常规赛
c7afa37d-dae1-4a80-bb75-d0580f86509e	85f42360-b442-44e1-af11-50aaf9dc6a6d	1596	17-18赛季 常规赛
c81574fc-5445-4d36-ad37-7885c4d4f458	d0359680-2514-496e-9f33-67ba85b00fcf	3629	17-18赛季 常规赛
c88e2ad7-e7e5-43b6-955e-24a372b2c890	468ae0b5-3be6-4137-a095-21fb1eb61519	4529	17-18赛季 常规赛
c8a8d28e-0f7c-436e-bbaa-5441a9bb0159	468ae0b5-3be6-4137-a095-21fb1eb61519	4478	17-18赛季 常规赛
c98cd6fd-ee0d-4dc2-bf0f-61905f558c62	215e4b49-aecd-4508-afa9-05a77cccbeb3	4241	17-18赛季 常规赛
ca364a04-89a7-47de-9c79-1ca67c0aa92d	400f5241-2d8c-4e12-8626-a2c6294e8cf2	2631	17-18赛季 常规赛
ca40d18c-4f45-4646-a6c4-13d2cbdefa15	d3628e5f-8172-44ce-997b-7ce4efad17b1	4333	17-18赛季 常规赛
ca7d1838-3893-4712-be67-1b728c7a3ee7	b519b71b-0fc6-4865-8538-5eb0849917da	4069	17-18赛季 常规赛
ca950a34-1c34-452c-8a4c-8e0b6878916e	ddd83928-3176-4f53-9675-1fa2f7bc7057	4306	17-18赛季 常规赛
cab4272b-95c4-4483-ab61-bae6bdc7cdb0	bb0a3e7e-8836-488f-87e9-80f5d044ce16	4439	17-18赛季 常规赛
caf07526-8282-4bc4-a5a6-8755fcad76d2	400f5241-2d8c-4e12-8626-a2c6294e8cf2	20	17-18赛季 常规赛
caf8ecf3-a424-464c-b44b-fd17af933232	85f42360-b442-44e1-af11-50aaf9dc6a6d	4402	17-18赛季 常规赛
cafbf598-b12a-4290-91ed-84b3040d5717	c2fcb6c9-63f5-454d-87c9-9977dc2fcee7	1602	17-18赛季 常规赛
cb12f01e-64ef-48e5-9cee-bf9121025974	b509e1a0-1b9e-4bce-a7d2-ea403bdd5e6c	4512	17-18赛季 常规赛
cb6284a8-ed11-4c99-8c51-53e0864b16ab	d3628e5f-8172-44ce-997b-7ce4efad17b1	3634	17-18赛季 常规赛
cbfd8e62-1a9b-4d6a-98eb-d4cf1577f49c	f51aea18-1681-4547-8d9f-62b026654108	4602	17-18赛季 常规赛
cc30c3a0-4e87-41bc-8442-0d9fbd85014c	c4b7d7fd-b4f8-4fdb-b105-52f5c3089ce3	434	17-18赛季 常规赛
cc4bea09-9b8e-4922-a07a-137c18908fee	3ef59518-8d58-4fa6-a5cc-16eef086609e	2287	17-18赛季 常规赛
cc4f7353-d367-4d13-85d7-1a8c9640ee71	c4b7d7fd-b4f8-4fdb-b105-52f5c3089ce3	4374	17-18赛季 常规赛
cccedebf-204b-4010-9b8e-55aabe6d8989	468ae0b5-3be6-4137-a095-21fb1eb61519	4476	17-18赛季 常规赛
cce764c8-d946-4802-b51e-1f77845e2dac	bb0a3e7e-8836-488f-87e9-80f5d044ce16	4342	17-18赛季 常规赛
cd1c8d1e-d481-4d0a-99a7-eb94a5985f37	b509e1a0-1b9e-4bce-a7d2-ea403bdd5e6c	4534	17-18赛季 常规赛
cde977a0-e12a-446a-9216-a6bb7b483366	d3628e5f-8172-44ce-997b-7ce4efad17b1	4467	17-18赛季 常规赛
cdf4f5a6-d609-4820-bb57-b7e42a4c108d	400f5241-2d8c-4e12-8626-a2c6294e8cf2	4299	17-18赛季 常规赛
cea43324-0f93-4883-8521-6563a153df4f	838ca4d6-97bc-4da0-94e7-7b682a83a56c	2581	17-18赛季 常规赛
cf5fa284-045b-4da6-b0fe-1cb6a1e2108d	1cd7fa0e-9772-47f5-9569-ce66265c3534	4431	17-18赛季 常规赛
cf6468fa-bc87-4fec-b250-321eb4de23eb	b509e1a0-1b9e-4bce-a7d2-ea403bdd5e6c	2908	17-18赛季 常规赛
cf9209c1-5973-4acc-b1fd-cf093db397ae	becf503a-f452-4d40-834a-4593803ce36c	4194	17-18赛季 常规赛
cfac3ed2-216a-4ebd-867f-5f79489f8e1d	c4b7d7fd-b4f8-4fdb-b105-52f5c3089ce3	4441	17-18赛季 常规赛
cfb467ca-9dfa-4e1b-bb81-56ed9e1c8c52	838ca4d6-97bc-4da0-94e7-7b682a83a56c	4327	17-18赛季 常规赛
cfb81974-8301-4994-9c26-9654e0f99b1c	d0359680-2514-496e-9f33-67ba85b00fcf	4065	17-18赛季 常规赛
cfc8e7dc-0902-4bc8-aea5-5206d453dce9	5242f11f-456e-4dba-89a5-6de617236cf6	4458	17-18赛季 常规赛
cff3e118-bdbb-4030-9b96-f8a7f90adfae	5242f11f-456e-4dba-89a5-6de617236cf6	4123	17-18赛季 常规赛
d07ca6fa-bcdd-49ce-9cd8-6b2a57aa24a4	d3628e5f-8172-44ce-997b-7ce4efad17b1	4468	17-18赛季 常规赛
d090f521-0174-47b6-8e5d-5240b8126777	d51b9f06-cba9-47d0-8c58-7ee620e5c92b	4161	17-18赛季 常规赛
d0ac775d-46ab-416d-b053-cc11c9dabcf7	4d7c7173-30bf-4329-859e-bed49a89d003	4608	17-18赛季 常规赛
d0b6841a-b8a4-4413-901f-308104cd4f97	1aa7b357-2447-44bd-9f0e-b27a2eecdf1d	1316	17-18赛季 常规赛
d10e38df-db77-41ce-95f2-3c7187197ef1	affda843-0e17-4851-aaec-dc4cea129b2e	1291	17-18赛季 常规赛
d17eb0a5-b8f1-4e14-a15c-dabfe4754105	affda843-0e17-4851-aaec-dc4cea129b2e	234	17-18赛季 常规赛
d1a183a7-8dbe-416c-90b9-3c7908e58add	c8c3ecde-68f8-41f6-b234-4354f72d3afc	4358	17-18赛季 常规赛
d256d346-067d-4959-8bee-31fb8c8c72e9	1cd7fa0e-9772-47f5-9569-ce66265c3534	4459	17-18赛季 常规赛
d261e442-cb46-4871-a251-4bf66c23a780	affda843-0e17-4851-aaec-dc4cea129b2e	53	17-18赛季 常规赛
d28e9901-f66e-4733-ac6c-77a9f2dd31d7	89f160d8-f403-419e-b793-82915e4db48f	4454	17-18赛季 常规赛
d2b830dc-311d-4f06-b60b-9c6ede7a11b5	c2fcb6c9-63f5-454d-87c9-9977dc2fcee7	4610	17-18赛季 常规赛
d2bebdab-ebf1-4fc5-a6ca-113f05845bea	c8c3ecde-68f8-41f6-b234-4354f72d3afc	2075	17-18赛季 常规赛
d2d75c2e-69a7-49db-9d5d-0325862c7b18	bb0a3e7e-8836-488f-87e9-80f5d044ce16	4371	17-18赛季 常规赛
d353bc78-0859-44f4-bd73-6fda55113b89	838ca4d6-97bc-4da0-94e7-7b682a83a56c	4594	17-18赛季 常规赛
d39570b7-a1b7-4dea-be20-3a83356f0627	09e0c29b-e595-4d2b-ad94-bf730de50302	4565	17-18赛季 常规赛
d3a5794c-937b-4bb0-83f3-6ae93f94c299	c8c3ecde-68f8-41f6-b234-4354f72d3afc	4558	17-18赛季 常规赛
d4129313-716f-423a-8e91-e76ac3d27fad	1cd7fa0e-9772-47f5-9569-ce66265c3534	239	17-18赛季 常规赛
d45545f1-cd4c-47bb-a979-ee126a839eb2	b519b71b-0fc6-4865-8538-5eb0849917da	11	17-18赛季 常规赛
d48df1ba-6dc5-48d1-bf91-ace0e99007bf	b509e1a0-1b9e-4bce-a7d2-ea403bdd5e6c	4424	17-18赛季 常规赛
d54bd24a-290d-43bd-a6c0-3f82bd154cf6	f51aea18-1681-4547-8d9f-62b026654108	4077	17-18赛季 常规赛
d5ec8f49-cb17-4aa3-a54b-1050db394503	4d7c7173-30bf-4329-859e-bed49a89d003	4310	17-18赛季 常规赛
d6283cc5-7f2a-45e1-a4d5-74da42417fe3	1aa7b357-2447-44bd-9f0e-b27a2eecdf1d	1351	17-18赛季 常规赛
d692d943-9b83-4770-ab34-24f5d32043d6	5242f11f-456e-4dba-89a5-6de617236cf6	4089	17-18赛季 常规赛
d78dd057-4119-433c-8089-1159c1628b24	3ef59518-8d58-4fa6-a5cc-16eef086609e	4450	17-18赛季 常规赛
d7976d75-3146-4b4b-b528-f1acfa318f17	d0359680-2514-496e-9f33-67ba85b00fcf	4168	17-18赛季 常规赛
d7c87dc0-fdf7-4c69-bc6b-94bdf54c3c7b	4d7c7173-30bf-4329-859e-bed49a89d003	4225	17-18赛季 常规赛
d7d599c7-67af-4fe4-86ab-625bcf92f2a3	d0359680-2514-496e-9f33-67ba85b00fcf	4127	17-18赛季 常规赛
d7eeb97b-c401-4be9-9dba-7d85d81cbd01	c8c3ecde-68f8-41f6-b234-4354f72d3afc	4406	17-18赛季 常规赛
d8358fba-48da-4f9e-953b-4f9c77e7b208	d51b9f06-cba9-47d0-8c58-7ee620e5c92b	1797	17-18赛季 常规赛
d86eac21-d049-40ee-9165-4836dc0dd483	d3628e5f-8172-44ce-997b-7ce4efad17b1	4390	17-18赛季 常规赛
d8b12d07-5421-4643-b4cd-e79c4e978156	c8c3ecde-68f8-41f6-b234-4354f72d3afc	4151	17-18赛季 常规赛
d8b3f901-8a83-4c36-b035-e017d4dd7c1a	16df761f-26e9-425e-8470-af93547d206a	689	17-18赛季 常规赛
d8dca16e-1e64-443c-bf12-dffd286cd4ec	85f42360-b442-44e1-af11-50aaf9dc6a6d	4072	17-18赛季 常规赛
d906b7a2-acb2-4e58-875f-2408ecbc58a9	becf503a-f452-4d40-834a-4593803ce36c	4630	17-18赛季 常规赛
d9077e1e-2aca-4b8d-ba0f-e2fd640949dd	16df761f-26e9-425e-8470-af93547d206a	4282	17-18赛季 常规赛
d925bb45-2e7c-4aef-bbed-416ea56a0516	89f160d8-f403-419e-b793-82915e4db48f	4453	17-18赛季 常规赛
d96ab649-ceef-4372-b03d-3a790cc1562f	1cd7fa0e-9772-47f5-9569-ce66265c3534	4349	17-18赛季 常规赛
d9b395c6-6d83-493d-8a38-56a2dafdde9b	d3628e5f-8172-44ce-997b-7ce4efad17b1	713	17-18赛季 常规赛
d9d27e8a-1c8a-472b-ba42-ade3e71847ff	c2fcb6c9-63f5-454d-87c9-9977dc2fcee7	4380	17-18赛季 常规赛
d9e1c969-2b5b-40be-85c2-a671fd463aa3	3ef59518-8d58-4fa6-a5cc-16eef086609e	4614	17-18赛季 常规赛
da42589d-028b-4ca7-984c-5c70e1729e96	09e0c29b-e595-4d2b-ad94-bf730de50302	4565	17-18赛季 常规赛
da54c5bc-90f6-4f38-9a81-9c83a5f398d1	09e0c29b-e595-4d2b-ad94-bf730de50302	626	17-18赛季 常规赛
dacd4624-310a-458f-a2e5-ac83a22ff2be	b509e1a0-1b9e-4bce-a7d2-ea403bdd5e6c	4520	17-18赛季 常规赛
db14e784-153c-4455-a492-076eeeb5e9cb	215e4b49-aecd-4508-afa9-05a77cccbeb3	241	17-18赛季 常规赛
dbccd587-1148-4c80-8c68-e5dd7518fa73	affda843-0e17-4851-aaec-dc4cea129b2e	4407	17-18赛季 常规赛
dbe9a2ab-8fd1-45e3-804f-496a4104a36c	d51b9f06-cba9-47d0-8c58-7ee620e5c92b	4034	17-18赛季 常规赛
dc4b24f6-f1c7-4f4b-9caa-0094298a7e58	d51b9f06-cba9-47d0-8c58-7ee620e5c92b	4372	17-18赛季 常规赛
dc59f75e-de96-4c85-a654-64d060509788	400f5241-2d8c-4e12-8626-a2c6294e8cf2	4195	17-18赛季 常规赛
dc78c7dc-d69d-4d46-978a-c64f56250735	c4b7d7fd-b4f8-4fdb-b105-52f5c3089ce3	4441	17-18赛季 常规赛
dc8904f1-9bd2-455d-9ed0-de9034b803ab	f51aea18-1681-4547-8d9f-62b026654108	3829	17-18赛季 常规赛
dcad2102-4450-4cc1-93fb-d2b8e792a194	d3628e5f-8172-44ce-997b-7ce4efad17b1	4390	17-18赛季 常规赛
dcf9bba6-1788-4a11-be16-51d60f7b8ed3	3ef59518-8d58-4fa6-a5cc-16eef086609e	4533	17-18赛季 常规赛
dd63a739-b2f6-4b44-b330-3d18a7f1b579	a2b6d70d-f5f9-4d51-8361-766c38198dfb	3581	17-18赛季 常规赛
ddd415e3-a86c-4f80-8edf-49e981d9add4	becf503a-f452-4d40-834a-4593803ce36c	2242	17-18赛季 常规赛
ddd432fa-b0cf-4978-835c-b822d868cc08	d51b9f06-cba9-47d0-8c58-7ee620e5c92b	4621	17-18赛季 常规赛
dde4c104-1adc-4e33-851d-e08a4c3f3b23	b519b71b-0fc6-4865-8538-5eb0849917da	116	17-18赛季 常规赛
de167eb5-0876-4081-b2c4-475dbb546a84	becf503a-f452-4d40-834a-4593803ce36c	4393	17-18赛季 常规赛
de2ed5c7-fe7b-4208-9797-f0eaf64082d8	b509e1a0-1b9e-4bce-a7d2-ea403bdd5e6c	1701	17-18赛季 常规赛
de329820-d0bb-480c-a938-248fe9100210	4d7c7173-30bf-4329-859e-bed49a89d003	4365	17-18赛季 常规赛
de451f3a-83af-4f06-9541-c34f86c34188	b519b71b-0fc6-4865-8538-5eb0849917da	4282	17-18赛季 常规赛
de51f073-8147-4b38-8ace-16f0de515f08	d0359680-2514-496e-9f33-67ba85b00fcf	4358	17-18赛季 常规赛
de9363ea-8f6e-4859-ab5c-ce3ff2807383	3ef59518-8d58-4fa6-a5cc-16eef086609e	4532	17-18赛季 常规赛
def49a61-1999-40e6-a84c-3e0e387e8a3f	d0359680-2514-496e-9f33-67ba85b00fcf	4493	17-18赛季 常规赛
df06a23a-0a87-491c-9353-5515ff49494a	1aa7b357-2447-44bd-9f0e-b27a2eecdf1d	2886	17-18赛季 常规赛
df21915a-f5ae-49f9-b4a5-9a884ef3aa5c	c8c3ecde-68f8-41f6-b234-4354f72d3afc	4456	17-18赛季 常规赛
df545f88-8fdf-42d8-95f8-83c774a8ff78	09e0c29b-e595-4d2b-ad94-bf730de50302	4073	17-18赛季 常规赛
dfaa2199-3089-4ee6-99ac-23fc8266f25e	400f5241-2d8c-4e12-8626-a2c6294e8cf2	4640	17-18赛季 常规赛
e013b5a3-4baa-44dd-a092-1930c0315d25	89f160d8-f403-419e-b793-82915e4db48f	4211	17-18赛季 常规赛
e01ce136-4643-4166-a9ef-8ca4ac24cd8c	400f5241-2d8c-4e12-8626-a2c6294e8cf2	4594	17-18赛季 常规赛
e0803967-bac8-4285-a018-71df977708c0	c2fcb6c9-63f5-454d-87c9-9977dc2fcee7	4375	17-18赛季 常规赛
e0ffee43-8813-4f70-89fe-b994f96c193d	09e0c29b-e595-4d2b-ad94-bf730de50302	45	17-18赛季 常规赛
e13f6229-c450-4af9-90a1-fef9357c44b6	c4b7d7fd-b4f8-4fdb-b105-52f5c3089ce3	4093	17-18赛季 常规赛
e14dfedc-0b41-4d56-8bbc-960b51788cac	16df761f-26e9-425e-8470-af93547d206a	4552	17-18赛季 常规赛
e176f1d6-de17-4f82-af15-a21ab65db786	1cd7fa0e-9772-47f5-9569-ce66265c3534	4457	17-18赛季 常规赛
e1988ab4-8e3f-4d73-b77f-e26857e898d3	4d7c7173-30bf-4329-859e-bed49a89d003	4364	17-18赛季 常规赛
e1a702ab-7fa4-4921-aa45-5e40f8a376ad	1cd7fa0e-9772-47f5-9569-ce66265c3534	3735	17-18赛季 常规赛
e204d3bf-e3eb-4545-b74a-77ed3429323d	c4b7d7fd-b4f8-4fdb-b105-52f5c3089ce3	4635	17-18赛季 常规赛
e265c39b-5cb0-47e0-83d7-cbf3da72d9df	d0359680-2514-496e-9f33-67ba85b00fcf	4491	17-18赛季 常规赛
e27aa725-ac36-4649-8c1d-5a20c780f6a4	5242f11f-456e-4dba-89a5-6de617236cf6	4551	17-18赛季 常规赛
e28f785d-ca22-4316-9a8c-46522624bca8	4d7c7173-30bf-4329-859e-bed49a89d003	1697	17-18赛季 常规赛
e35e9870-3785-4cd2-b487-287fa6b4ccf4	b519b71b-0fc6-4865-8538-5eb0849917da	116	17-18赛季 常规赛
e3c4a963-5710-4873-9730-7adee9fdd8c9	215e4b49-aecd-4508-afa9-05a77cccbeb3	4530	17-18赛季 常规赛
e3f14f74-9b99-4a54-853d-cf5d31861ad9	85f42360-b442-44e1-af11-50aaf9dc6a6d	4486	17-18赛季 常规赛
e416532e-fbab-44d3-9dd7-ff39ab88b130	4d7c7173-30bf-4329-859e-bed49a89d003	4387	17-18赛季 常规赛
e41f1ca5-4ac1-41ef-b179-1227a95b38eb	d0359680-2514-496e-9f33-67ba85b00fcf	2287	17-18赛季 常规赛
e43978c3-5212-4b03-b9a8-c61391ecddb6	3ef59518-8d58-4fa6-a5cc-16eef086609e	4369	17-18赛季 常规赛
e452e137-4d2c-494f-bdf3-97588f8b2943	c8c3ecde-68f8-41f6-b234-4354f72d3afc	4410	17-18赛季 常规赛
e46c75db-c2d7-4dc2-8e6b-89b72383d107	85f42360-b442-44e1-af11-50aaf9dc6a6d	3560	17-18赛季 常规赛
e48dfcf3-05a4-4348-8aeb-f5c3c8e6b223	c4b7d7fd-b4f8-4fdb-b105-52f5c3089ce3	2043	17-18赛季 常规赛
e4bcf5af-10b4-40f4-8ef1-2042cb0ad544	b509e1a0-1b9e-4bce-a7d2-ea403bdd5e6c	3587	17-18赛季 常规赛
e4c7ea49-fc72-405c-94d2-91e8aa41946d	f51aea18-1681-4547-8d9f-62b026654108	4377	17-18赛季 常规赛
e4df771d-5ee8-41b6-9773-ac04ad0cc615	89f160d8-f403-419e-b793-82915e4db48f	4454	17-18赛季 常规赛
e523e89c-2848-4107-a71b-e718dbb0e638	d0359680-2514-496e-9f33-67ba85b00fcf	4493	17-18赛季 常规赛
e56fe717-9f4c-46bf-8610-b054e5357ce6	1aa7b357-2447-44bd-9f0e-b27a2eecdf1d	1355	17-18赛季 常规赛
e5ac7f1c-c6c2-4e36-8cf9-1d365e69fbb0	4d7c7173-30bf-4329-859e-bed49a89d003	4501	17-18赛季 常规赛
e5c1e25d-360e-4cff-8355-1ff2123dd6d9	c2fcb6c9-63f5-454d-87c9-9977dc2fcee7	22	17-18赛季 常规赛
e5db039b-4c00-47a3-9a4a-5198427036f4	400f5241-2d8c-4e12-8626-a2c6294e8cf2	4078	17-18赛季 常规赛
e66034af-e504-4fd2-a1e2-f7933cb4426c	400f5241-2d8c-4e12-8626-a2c6294e8cf2	4348	17-18赛季 常规赛
e6aff462-6ff1-41a9-9f21-dc1a2b0a2cec	c4b7d7fd-b4f8-4fdb-b105-52f5c3089ce3	4439	17-18赛季 常规赛
e6bc81b0-3a49-446a-9c3d-5b9e103e67b5	85f42360-b442-44e1-af11-50aaf9dc6a6d	4452	17-18赛季 常规赛
e77a8939-c364-4366-885a-0c1bbee6d2a4	3ef59518-8d58-4fa6-a5cc-16eef086609e	4533	17-18赛季 常规赛
e77c629d-8f0d-4da8-808a-39fe42eb8870	468ae0b5-3be6-4137-a095-21fb1eb61519	524	17-18赛季 常规赛
e7abd883-0510-4c49-ba44-4357df1b0a83	f51aea18-1681-4547-8d9f-62b026654108	4609	17-18赛季 常规赛
e7b7af0d-f60a-48a7-9741-b1cac3bd60a9	becf503a-f452-4d40-834a-4593803ce36c	4358	17-18赛季 常规赛
e7f09111-a0c4-46d5-bddb-12059f3b9927	3ef59518-8d58-4fa6-a5cc-16eef086609e	1690	17-18赛季 常规赛
e7fcffee-8571-4e2d-b518-f190e44abc60	affda843-0e17-4851-aaec-dc4cea129b2e	2469	17-18赛季 常规赛
e8642dea-b9b0-45e9-8dc0-01b3074d88d4	ddd83928-3176-4f53-9675-1fa2f7bc7057	1836	17-18赛季 常规赛
e88cac57-272e-4ee4-b42f-f8f32dd209dd	d3628e5f-8172-44ce-997b-7ce4efad17b1	4354	17-18赛季 常规赛
e8cd9e7c-7e9e-40e9-9d4c-0010a0cd4201	affda843-0e17-4851-aaec-dc4cea129b2e	1628	17-18赛季 常规赛
e919ad65-31d2-4eda-8ee6-4cc27786a7ed	d3628e5f-8172-44ce-997b-7ce4efad17b1	3110	17-18赛季 常规赛
e9b429e1-21e3-4057-ac60-1cb6071b76a4	becf503a-f452-4d40-834a-4593803ce36c	538	17-18赛季 常规赛
e9c93c3b-1f4c-4edf-8f1a-dd59269ffa02	f51aea18-1681-4547-8d9f-62b026654108	4143	17-18赛季 常规赛
e9e4f194-b981-4901-a934-ec916dd1ff11	400f5241-2d8c-4e12-8626-a2c6294e8cf2	1476	17-18赛季 常规赛
ea51ec8d-a8ca-4718-8c79-abecbbbd2c57	468ae0b5-3be6-4137-a095-21fb1eb61519	4173	17-18赛季 常规赛
ea718bd7-a4f1-4f80-bf0e-492bf5ce539c	d3628e5f-8172-44ce-997b-7ce4efad17b1	4628	17-18赛季 常规赛
eadbac13-6f00-4a64-a903-2ab0c3293842	16df761f-26e9-425e-8470-af93547d206a	4470	17-18赛季 常规赛
eae0b029-cd03-4cfc-ba25-b667597fb4a4	85f42360-b442-44e1-af11-50aaf9dc6a6d	4157	17-18赛季 常规赛
eb613de9-9d41-4e34-bb57-7843770b32ba	bb0a3e7e-8836-488f-87e9-80f5d044ce16	4159	17-18赛季 常规赛
eb648395-79a0-4e1d-a395-09f5b7f8ca2e	4d7c7173-30bf-4329-859e-bed49a89d003	4605	17-18赛季 常规赛
ebc48f55-d35e-4e62-b3bc-95c81d313967	ddd83928-3176-4f53-9675-1fa2f7bc7057	4067	17-18赛季 常规赛
ebcc7b71-3c34-4980-92f7-0695dd6a8592	c2fcb6c9-63f5-454d-87c9-9977dc2fcee7	4498	17-18赛季 常规赛
ebd7602c-750c-4156-9192-9db3f82e1c23	b509e1a0-1b9e-4bce-a7d2-ea403bdd5e6c	4040	17-18赛季 常规赛
ec9886f6-fd28-4de4-a92e-fca48c550f5d	becf503a-f452-4d40-834a-4593803ce36c	4364	17-18赛季 常规赛
eccddf93-d47d-44ea-8807-ac326e437429	5242f11f-456e-4dba-89a5-6de617236cf6	4089	17-18赛季 常规赛
ecdad196-db32-4a4b-a49a-c58e1db87754	a2b6d70d-f5f9-4d51-8361-766c38198dfb	1071	17-18赛季 常规赛
eced1204-f9f6-4a2f-936e-b325473861c8	d0359680-2514-496e-9f33-67ba85b00fcf	4118	17-18赛季 常规赛
eceece29-10b3-47f8-9ad4-b41db3a81f03	4d7c7173-30bf-4329-859e-bed49a89d003	4348	17-18赛季 常规赛
ecf86649-b75b-4d32-9c8f-7ddf5f2e2d27	c8c3ecde-68f8-41f6-b234-4354f72d3afc	4521	17-18赛季 常规赛
ed25ee38-c4d6-4693-a84e-fd86eb3c879a	16df761f-26e9-425e-8470-af93547d206a	4180	17-18赛季 常规赛
ed3115b6-5de5-4ac6-9deb-d6d28bc74ff6	c4b7d7fd-b4f8-4fdb-b105-52f5c3089ce3	4212	17-18赛季 常规赛
ed72fb80-41bb-412a-85bb-c1348e6bb8b6	d0359680-2514-496e-9f33-67ba85b00fcf	4578	17-18赛季 常规赛
ed7f6efd-64e2-4c13-9a1b-029eacd4a6f8	f51aea18-1681-4547-8d9f-62b026654108	4416	17-18赛季 常规赛
edb035cc-2bf2-46b3-9c02-ae64f12aa250	a2b6d70d-f5f9-4d51-8361-766c38198dfb	1071	17-18赛季 常规赛
edbbd4bc-3e6a-4894-a852-a4d8cb233b0c	d0359680-2514-496e-9f33-67ba85b00fcf	2111	17-18赛季 常规赛
ee1a5c08-3f68-4b55-b6b4-6f4840530e3d	400f5241-2d8c-4e12-8626-a2c6294e8cf2	88	17-18赛季 常规赛
ee6ec361-410c-4ba0-ad3f-10f91b3633b7	b509e1a0-1b9e-4bce-a7d2-ea403bdd5e6c	4534	17-18赛季 常规赛
ee7f9645-4918-4851-b7b0-82beb2e71b91	f51aea18-1681-4547-8d9f-62b026654108	1720	17-18赛季 常规赛
ef1de43e-1a09-4603-9357-7a8fa77c482a	89f160d8-f403-419e-b793-82915e4db48f	4560	17-18赛季 常规赛
efb0d9c3-6dbd-4615-be61-c5bdfa7ba85f	a2b6d70d-f5f9-4d51-8361-766c38198dfb	4067	17-18赛季 常规赛
f0153790-6d8b-40eb-aa56-93525f32b659	1cd7fa0e-9772-47f5-9569-ce66265c3534	4457	17-18赛季 常规赛
f07c4e7c-9614-448f-8855-92a667184436	468ae0b5-3be6-4137-a095-21fb1eb61519	421	17-18赛季 常规赛
f0c9b375-a0b8-493b-8f01-08a89f9d9e3d	89f160d8-f403-419e-b793-82915e4db48f	4334	17-18赛季 常规赛
f0cec9f7-3f63-430e-b8c3-b4cdc5343d0c	affda843-0e17-4851-aaec-dc4cea129b2e	36	17-18赛季 常规赛
f169840d-bbd4-4a1c-85cf-37a59ca8c4b7	f51aea18-1681-4547-8d9f-62b026654108	4077	17-18赛季 常规赛
f2038b00-84c7-4147-b97b-0871d8ba6c98	becf503a-f452-4d40-834a-4593803ce36c	726	17-18赛季 常规赛
f24f8c57-b7f9-449e-a508-90481ad02fa0	4d7c7173-30bf-4329-859e-bed49a89d003	4608	17-18赛季 常规赛
f26c44b4-1cab-4950-8046-e28346d18af5	b509e1a0-1b9e-4bce-a7d2-ea403bdd5e6c	526	17-18赛季 常规赛
f2856a23-58aa-410c-8998-3bb84002994b	4d7c7173-30bf-4329-859e-bed49a89d003	4348	17-18赛季 常规赛
f2af2ae2-b996-4d5d-93e8-1e727e872c87	affda843-0e17-4851-aaec-dc4cea129b2e	1796	17-18赛季 常规赛
f370ba71-ef94-44f3-b9d6-253c61d018dd	d3628e5f-8172-44ce-997b-7ce4efad17b1	4591	17-18赛季 常规赛
f42a87a5-51c3-4068-9432-d047219f74af	1aa7b357-2447-44bd-9f0e-b27a2eecdf1d	2319	17-18赛季 常规赛
f47079f5-ceee-4b9d-9ebf-b2c5bf689ff2	a2b6d70d-f5f9-4d51-8361-766c38198dfb	2069	17-18赛季 常规赛
f4a637c1-c085-41f5-beb8-94e72a35070c	16df761f-26e9-425e-8470-af93547d206a	4471	17-18赛季 常规赛
f4e36f57-d37d-4519-9079-bbee801f6215	4d7c7173-30bf-4329-859e-bed49a89d003	4541	17-18赛季 常规赛
f55d0bf3-e143-42e9-9c58-938b7c6dcf73	838ca4d6-97bc-4da0-94e7-7b682a83a56c	4290	17-18赛季 常规赛
f6322b64-d042-4afe-bd32-177b8c77dccc	400f5241-2d8c-4e12-8626-a2c6294e8cf2	565	17-18赛季 常规赛
f65846d9-ea38-435b-b449-6c4ecd7db714	c4b7d7fd-b4f8-4fdb-b105-52f5c3089ce3	4382	17-18赛季 常规赛
f67fa0f6-be1d-4347-a109-140b3c0c2d6c	85f42360-b442-44e1-af11-50aaf9dc6a6d	4402	17-18赛季 常规赛
f699fb72-ab9f-4f7f-8935-2001f6b761d3	1cd7fa0e-9772-47f5-9569-ce66265c3534	977	17-18赛季 常规赛
f6acc818-34ed-42ec-b136-f3b7e1f04d21	ddd83928-3176-4f53-9675-1fa2f7bc7057	4067	17-18赛季 常规赛
f6c8c86f-bb38-41a0-bded-0d515067e99f	838ca4d6-97bc-4da0-94e7-7b682a83a56c	2378	17-18赛季 常规赛
f6cbcb5b-0cc3-43d9-92b7-d841305b4ec4	5242f11f-456e-4dba-89a5-6de617236cf6	931	17-18赛季 常规赛
f6f0c6ef-c229-4a89-bc90-6ad7a54d462f	d51b9f06-cba9-47d0-8c58-7ee620e5c92b	524	17-18赛季 常规赛
f6f503e2-546e-404b-bdde-63abeacf5bc8	838ca4d6-97bc-4da0-94e7-7b682a83a56c	4620	17-18赛季 常规赛
f6fc1047-8d5c-4ea2-9593-80f3a633e61b	1aa7b357-2447-44bd-9f0e-b27a2eecdf1d	1351	17-18赛季 常规赛
f7456ca9-a2c3-406b-858d-42640033e8c8	f51aea18-1681-4547-8d9f-62b026654108	3829	17-18赛季 常规赛
f83e1cab-1635-4c9f-9f27-9f74a3810055	5242f11f-456e-4dba-89a5-6de617236cf6	77	17-18赛季 常规赛
f869be5a-b900-4300-a02f-8f2458721b97	c8c3ecde-68f8-41f6-b234-4354f72d3afc	4405	17-18赛季 常规赛
f8e3ffe4-de02-4189-a85b-9889a2321b34	becf503a-f452-4d40-834a-4593803ce36c	331	17-18赛季 常规赛
f902d875-99e6-44e0-aca0-85eb97a78ae3	400f5241-2d8c-4e12-8626-a2c6294e8cf2	2964	17-18赛季 常规赛
f92e5483-9060-4cd2-9d6c-6ed08f775c75	c4b7d7fd-b4f8-4fdb-b105-52f5c3089ce3	4485	17-18赛季 常规赛
f945f7cf-9863-4600-9836-f07c96e67c6a	d51b9f06-cba9-47d0-8c58-7ee620e5c92b	810	17-18赛季 常规赛
f947a275-bcd9-49f1-bf7c-b0c79e0bfe6c	85f42360-b442-44e1-af11-50aaf9dc6a6d	4297	17-18赛季 常规赛
f9730875-d776-43c2-85e0-f14b9e420c16	d3628e5f-8172-44ce-997b-7ce4efad17b1	4590	17-18赛季 常规赛
f9d32d7a-82b7-496e-b81b-7b45fd94b2ec	1cd7fa0e-9772-47f5-9569-ce66265c3534	4612	17-18赛季 常规赛
fa6d3497-924d-4419-92f0-3223f6cce416	b519b71b-0fc6-4865-8538-5eb0849917da	3233	17-18赛季 常规赛
fb489b75-f4f4-427c-afeb-120ac99a6112	16df761f-26e9-425e-8470-af93547d206a	4282	17-18赛季 常规赛
fb5e6253-2c07-44c6-a817-8de65b510c92	c8c3ecde-68f8-41f6-b234-4354f72d3afc	2075	17-18赛季 常规赛
fbd04d42-0157-4e85-a350-8254ab741398	09e0c29b-e595-4d2b-ad94-bf730de50302	2869	17-18赛季 常规赛
fbd2cb1f-1d21-4620-a7d5-3a0aabae0cd3	d51b9f06-cba9-47d0-8c58-7ee620e5c92b	1587	17-18赛季 常规赛
fc0b0504-ed28-4536-bdc9-7dc735051c08	ddd83928-3176-4f53-9675-1fa2f7bc7057	3416	17-18赛季 常规赛
fc12b84e-930f-4830-ac0a-bda87a2049db	4d7c7173-30bf-4329-859e-bed49a89d003	4540	17-18赛季 常规赛
fc3b080f-0e99-44c5-aaed-12cc30f0ee16	c8c3ecde-68f8-41f6-b234-4354f72d3afc	4358	17-18赛季 常规赛
fc7550fa-6f70-4c01-ae15-0b1120b6019f	c8c3ecde-68f8-41f6-b234-4354f72d3afc	20	17-18赛季 常规赛
fccc6be8-c703-4786-b122-cff15455b9b0	16df761f-26e9-425e-8470-af93547d206a	4388	17-18赛季 常规赛
fcf41e91-0c11-4ea9-9d76-bae49a5ebc43	838ca4d6-97bc-4da0-94e7-7b682a83a56c	4186	17-18赛季 常规赛
fd35e70f-66a9-4101-b2fd-1ddea4f1ec32	d0359680-2514-496e-9f33-67ba85b00fcf	4578	17-18赛季 常规赛
fd45e9a0-84f1-4bc4-9612-ca1e304c498b	3ef59518-8d58-4fa6-a5cc-16eef086609e	4369	17-18赛季 常规赛
fd48f0f0-6a39-4a89-9300-b6523d9cadcc	affda843-0e17-4851-aaec-dc4cea129b2e	4514	17-18赛季 常规赛
fd642d55-c121-4a25-b8f3-fb0ea45e0a7c	c4b7d7fd-b4f8-4fdb-b105-52f5c3089ce3	4093	17-18赛季 常规赛
fd8f3c73-0697-44d8-bd2f-2fdb6ca109e6	89f160d8-f403-419e-b793-82915e4db48f	872	17-18赛季 常规赛
fdef6e6b-3f33-4fe6-861c-a2718faab190	400f5241-2d8c-4e12-8626-a2c6294e8cf2	4595	17-18赛季 常规赛
fe11cc34-2b72-4b0a-827f-541c28ce7c6e	1aa7b357-2447-44bd-9f0e-b27a2eecdf1d	4549	17-18赛季 常规赛
fe7e8dae-cd46-451c-be5a-9346ad8f7b4a	5242f11f-456e-4dba-89a5-6de617236cf6	4298	17-18赛季 常规赛
feb51429-1796-42dc-941e-10b1895c2a63	c8c3ecde-68f8-41f6-b234-4354f72d3afc	4559	17-18赛季 常规赛
fedfea98-80c0-48e8-a10d-25446f719076	89f160d8-f403-419e-b793-82915e4db48f	4403	17-18赛季 常规赛
fee39a73-8e5d-46ec-99ca-b99c6aeb361e	affda843-0e17-4851-aaec-dc4cea129b2e	4221	17-18赛季 常规赛
ff2b32da-0803-4e60-8cfd-72bc577dfc4d	c2fcb6c9-63f5-454d-87c9-9977dc2fcee7	1183	17-18赛季 常规赛
ff4e4de7-80e8-4002-9343-edc7f4f1927d	becf503a-f452-4d40-834a-4593803ce36c	4364	17-18赛季 常规赛
ff5564e2-0d98-4556-893a-9fd8ed621230	c2fcb6c9-63f5-454d-87c9-9977dc2fcee7	1844	17-18赛季 常规赛
ff58d96c-5426-4d9d-84b9-4ee2a0ec8c9d	400f5241-2d8c-4e12-8626-a2c6294e8cf2	4076	17-18赛季 常规赛
ff6ac7a8-3a02-4f16-81af-47d8a11a69ba	838ca4d6-97bc-4da0-94e7-7b682a83a56c	4386	17-18赛季 常规赛
ffd38f58-0d02-4d47-84df-0af868203d92	affda843-0e17-4851-aaec-dc4cea129b2e	3523	17-18赛季 常规赛
fff179fc-1eba-4945-8785-998daa438f65	89f160d8-f403-419e-b793-82915e4db48f	4619	17-18赛季 常规赛
fff4349a-5c88-4c3e-a833-9e6f9fe9c996	3ef59518-8d58-4fa6-a5cc-16eef086609e	2261	17-18赛季 常规赛
fffcd71d-8ea4-4416-9445-370127bd9034	b509e1a0-1b9e-4bce-a7d2-ea403bdd5e6c	1701	17-18赛季 常规赛
